{"type":"FeatureCollection","features":[{"type":"Feature","properties":{"kecamatan":"Jabung","kab_kota":"Malang","kode_kec":"35.07.17"},"geometry":{"type":"MultiPolygon","coordinates":[[[[112.75837,-7.9764],[112.75614,-7.97684],[112.75217,-7.97562],[112.74937,-7.97911],[112.74613,-7.97671],[112.74679,-7.97598],[112.74565,-7.97469],[112.74302,-7.97368],[112.74335,-7.97066],[112.75013,-7.97095],[112.75111,-7.9695],[112.74747,-7.96721],[112.74489,-7.96034],[112.74389,-7.96068],[112.7423,-7.95875],[112.74187,-7.96063],[112.73984,-7.95977],[112.73955,-7.96113],[112.73657,-7.95963],[112.73617,-7.95728],[112.7373,-7.95735],[112.73855,-7.95457],[112.73682,-7.9548],[112.73319,-7.95279],[112.73311,-7.94917],[112.73205,-7.94891],[112.73017,-7.95066],[112.73217,-7.94749],[112.73079,-7.94592],[112.72698,-7.94485],[112.72894,-7.94015],[112.72497,-7.93641],[112.72892,-7.93164],[112.72748,-7.93174],[112.73165,-7.92284],[112.73316,-7.92331],[112.73373,-7.92204],[112.73278,-7.9215],[112.73343,-7.92043],[112.73091,-7.91974],[112.73249,-7.91596],[112.73086,-7.91551],[112.73023,-7.91695],[112.72789,-7.91514],[112.72654,-7.91749],[112.7242,-7.91931],[112.72374,-7.91873],[112.72316,-7.9194],[112.72726,-7.92123],[112.72475,-7.92539],[112.7232,-7.92463],[112.72196,-7.92591],[112.72268,-7.9275],[112.72151,-7.92855],[112.72099,-7.92705],[112.71903,-7.9282],[112.71634,-7.92266],[112.71825,-7.92017],[112.71697,-7.91725],[112.71789,-7.91326],[112.72362,-7.906],[112.73758,-7.90961],[112.73786,-7.90878],[112.7403,-7.90951],[112.74216,-7.9076],[112.74975,-7.90802],[112.75191,-7.90714],[112.75624,-7.90172],[112.75553,-7.90122],[112.75632,-7.90001],[112.75512,-7.90003],[112.7552,-7.89921],[112.75779,-7.89875],[112.75611,-7.89649],[112.75698,-7.89636],[112.75697,-7.89241],[112.75874,-7.88897],[112.75841,-7.88731],[112.76104,-7.88615],[112.75778,-7.88218],[112.7618,-7.87834],[112.76107,-7.87591],[112.76194,-7.87459],[112.76207,-7.87617],[112.76571,-7.87558],[112.76814,-7.87319],[112.76998,-7.87326],[112.77144,-7.87145],[112.77488,-7.8702],[112.77734,-7.87051],[112.78073,-7.87404],[112.77724,-7.87925],[112.78005,-7.89155],[112.78498,-7.89736],[112.78367,-7.90027],[112.78816,-7.90422],[112.7881,-7.90719],[112.79,-7.91029],[112.79381,-7.91305],[112.79678,-7.91762],[112.8018,-7.91971],[112.8032,-7.92326],[112.80551,-7.92549],[112.8147,-7.92834],[112.81717,-7.92741],[112.8216,-7.92809],[112.82336,-7.92998],[112.82327,-7.93272],[112.826,-7.93359],[112.82804,-7.93575],[112.83478,-7.93645],[112.84053,-7.93868],[112.84691,-7.93639],[112.84965,-7.93408],[112.85319,-7.93375],[112.8552,-7.93521],[112.85677,-7.93987],[112.86719,-7.94451],[112.86958,-7.94681],[112.87414,-7.94554],[112.87188,-7.94825],[112.86582,-7.96262],[112.86121,-7.96734],[112.85986,-7.97277],[112.85806,-7.97268],[112.85801,-7.97455],[112.85642,-7.97502],[112.85687,-7.97632],[112.85493,-7.97799],[112.85526,-7.9789],[112.85225,-7.97927],[112.85181,-7.98077],[112.85004,-7.98108],[112.84936,-7.9834],[112.84817,-7.98285],[112.84633,-7.9858],[112.84243,-7.98815],[112.83926,-7.98942],[112.83681,-7.9896],[112.8342,-7.98829],[112.82937,-7.9894],[112.82666,-7.99106],[112.82674,-7.99307],[112.82481,-7.99493],[112.82221,-7.99651],[112.81917,-7.99646],[112.81887,-7.99775],[112.81572,-7.9991],[112.80508,-7.99979],[112.80345,-7.99822],[112.79997,-7.99802],[112.79996,-7.99716],[112.7988,-7.99797],[112.79191,-7.99586],[112.79096,-7.99648],[112.7903,-7.99385],[112.78843,-7.99488],[112.78403,-7.99243],[112.78126,-7.9929],[112.7786,-7.99044],[112.77469,-7.99044],[112.76872,-7.98812],[112.76633,-7.98976],[112.76535,-7.98822],[112.76095,-7.98776],[112.76091,-7.98644],[112.75907,-7.9853],[112.75832,-7.9817],[112.7602,-7.97716],[112.75837,-7.9764]]]]}},{"type":"Feature","properties":{"kecamatan":"Pakis","kab_kota":"Malang","kode_kec":"35.07.18"},"geometry":{"type":"MultiPolygon","coordinates":[[[[112.70193,-8.00555],[112.70046,-8.0053],[112.69869,-8.00811],[112.69325,-8.00691],[112.68988,-8.00752],[112.68315,-8.00546],[112.68845,-7.99687],[112.69222,-7.98661],[112.69346,-7.98569],[112.69377,-7.9817],[112.69037,-7.98019],[112.69022,-7.97567],[112.68581,-7.97581],[112.6845,-7.97468],[112.68147,-7.97526],[112.68046,-7.97687],[112.67877,-7.97659],[112.67559,-7.97458],[112.67648,-7.97225],[112.6702,-7.97119],[112.67026,-7.9701],[112.66803,-7.96899],[112.66674,-7.97069],[112.66319,-7.97101],[112.66369,-7.96819],[112.65741,-7.96517],[112.65945,-7.96363],[112.65949,-7.9617],[112.66202,-7.9587],[112.66362,-7.95883],[112.66327,-7.95432],[112.66467,-7.95026],[112.66392,-7.94816],[112.66605,-7.94607],[112.66606,-7.94836],[112.66714,-7.94895],[112.66709,-7.94752],[112.66889,-7.94624],[112.66552,-7.94309],[112.66525,-7.93663],[112.66255,-7.93242],[112.66273,-7.93017],[112.6679,-7.93002],[112.66966,-7.92691],[112.67023,-7.92756],[112.67336,-7.92502],[112.67607,-7.92609],[112.67897,-7.92036],[112.67868,-7.91889],[112.6817,-7.92013],[112.68098,-7.92125],[112.68246,-7.92192],[112.68458,-7.91994],[112.68991,-7.92209],[112.69341,-7.92162],[112.69854,-7.92421],[112.69916,-7.92319],[112.70504,-7.92643],[112.71121,-7.91676],[112.71697,-7.91725],[112.71825,-7.92017],[112.71634,-7.92266],[112.71903,-7.9282],[112.72099,-7.92705],[112.72151,-7.92855],[112.72268,-7.9275],[112.72196,-7.92591],[112.7232,-7.92463],[112.72475,-7.92539],[112.72726,-7.92123],[112.72316,-7.9194],[112.72654,-7.91749],[112.72789,-7.91514],[112.73023,-7.91695],[112.73086,-7.91551],[112.73219,-7.91584],[112.73091,-7.91974],[112.73343,-7.92043],[112.73278,-7.9215],[112.73373,-7.92204],[112.73316,-7.92331],[112.73165,-7.92284],[112.72748,-7.93174],[112.72892,-7.93164],[112.72497,-7.93641],[112.72894,-7.94015],[112.72698,-7.94485],[112.73079,-7.94592],[112.73217,-7.94749],[112.73017,-7.95066],[112.73205,-7.94891],[112.73311,-7.94917],[112.73319,-7.95279],[112.73682,-7.9548],[112.73855,-7.95457],[112.7373,-7.95735],[112.73617,-7.95728],[112.73657,-7.95963],[112.73955,-7.96113],[112.73984,-7.95977],[112.74187,-7.96063],[112.7423,-7.95875],[112.74389,-7.96068],[112.74489,-7.96034],[112.74747,-7.96721],[112.75111,-7.9695],[112.75013,-7.97095],[112.74335,-7.97066],[112.74302,-7.97368],[112.74565,-7.97469],[112.74679,-7.97598],[112.74613,-7.97671],[112.74937,-7.97911],[112.75217,-7.97562],[112.75614,-7.97684],[112.7596,-7.97654],[112.76021,-7.97775],[112.7585,-7.98081],[112.75866,-7.98351],[112.75688,-7.98504],[112.75198,-7.98429],[112.7486,-7.98931],[112.74425,-7.98855],[112.74357,-7.99017],[112.73808,-7.98907],[112.73788,-7.99073],[112.73492,-7.98849],[112.73102,-7.98858],[112.7275,-7.99116],[112.72225,-7.98766],[112.71246,-7.98564],[112.71355,-7.9878],[112.71784,-7.98893],[112.72038,-7.98836],[112.7227,-7.98942],[112.72344,-7.9912],[112.72538,-7.99075],[112.72679,-7.99205],[112.72552,-7.99434],[112.72372,-7.99341],[112.72526,-7.99474],[112.72404,-7.99476],[112.72241,-8.00167],[112.72144,-8.00134],[112.72106,-8.00334],[112.7177,-8.00122],[112.71601,-8.0048],[112.71236,-8.00239],[112.71095,-8.00512],[112.70998,-8.00477],[112.70719,-8.00745],[112.70193,-8.00555]]]]}},{"type":"Feature","properties":{"kecamatan":"Tajinan","kab_kota":"Malang","kode_kec":"35.07.15"},"geometry":{"type":"MultiPolygon","coordinates":[[[[112.67314,-8.08019],[112.67144,-8.0834],[112.66352,-8.08092],[112.66117,-8.08227],[112.6538,-8.08252],[112.65425,-8.07801],[112.65083,-8.07712],[112.65118,-8.07582],[112.64868,-8.07489],[112.65019,-8.07126],[112.64824,-8.0703],[112.65021,-8.0656],[112.65242,-8.06566],[112.65262,-8.06456],[112.64633,-8.06372],[112.64467,-8.06204],[112.64283,-8.06195],[112.64297,-8.05438],[112.64228,-8.05529],[112.6406,-8.05501],[112.63803,-8.06054],[112.6359,-8.06075],[112.63634,-8.06173],[112.6353,-8.06201],[112.63581,-8.06298],[112.63389,-8.06598],[112.62942,-8.06813],[112.63164,-8.06229],[112.62835,-8.05336],[112.63169,-8.04599],[112.64227,-8.0498],[112.64545,-8.04815],[112.64584,-8.05157],[112.64766,-8.04842],[112.65173,-8.05013],[112.65244,-8.04777],[112.65468,-8.04909],[112.65615,-8.04465],[112.65749,-8.04541],[112.65793,-8.04372],[112.66006,-8.04414],[112.66181,-8.03962],[112.66522,-8.04075],[112.66634,-8.03798],[112.66747,-8.03823],[112.66977,-8.03216],[112.67153,-8.03056],[112.67315,-8.03137],[112.67713,-8.02509],[112.69168,-8.03263],[112.69748,-8.03419],[112.69774,-8.03578],[112.70012,-8.03656],[112.71391,-8.04724],[112.71372,-8.048],[112.71748,-8.04932],[112.72232,-8.05347],[112.7223,-8.06078],[112.71287,-8.06416],[112.71304,-8.06577],[112.71039,-8.06723],[112.70874,-8.07001],[112.71343,-8.06992],[112.71748,-8.07336],[112.72372,-8.0749],[112.72523,-8.07623],[112.72287,-8.08218],[112.71996,-8.08174],[112.7194,-8.08399],[112.70569,-8.08037],[112.70461,-8.08038],[112.70327,-8.0828],[112.69872,-8.08236],[112.69589,-8.08696],[112.69612,-8.08915],[112.69707,-8.0893],[112.69556,-8.09364],[112.68737,-8.0927],[112.68784,-8.09109],[112.68517,-8.08894],[112.68719,-8.08734],[112.68772,-8.08543],[112.68694,-8.08458],[112.688,-8.08351],[112.68076,-8.08406],[112.68231,-8.07718],[112.67838,-8.07651],[112.67819,-8.0755],[112.67726,-8.07734],[112.67448,-8.07671],[112.67314,-8.08019]]]]}},{"type":"Feature","properties":{"kecamatan":"Tumpang","kab_kota":"Malang","kode_kec":"35.07.16"},"geometry":{"type":"MultiPolygon","coordinates":[[[[112.72269,-8.02565],[112.72062,-8.02674],[112.72049,-8.02893],[112.72185,-8.0312],[112.70948,-8.03095],[112.70683,-8.03297],[112.70768,-8.03373],[112.7053,-8.03485],[112.70553,-8.03592],[112.70291,-8.03654],[112.7021,-8.03834],[112.69774,-8.03578],[112.69691,-8.03386],[112.69294,-8.03319],[112.67244,-8.02322],[112.67338,-8.01737],[112.67208,-8.009],[112.67879,-8.01038],[112.67914,-8.00576],[112.68079,-8.00621],[112.6812,-8.00502],[112.68988,-8.00752],[112.69325,-8.00691],[112.69869,-8.00811],[112.70046,-8.0053],[112.70719,-8.00745],[112.70998,-8.00477],[112.71095,-8.00512],[112.71236,-8.00239],[112.71601,-8.0048],[112.7177,-8.00122],[112.72106,-8.00334],[112.72144,-8.00134],[112.72241,-8.00167],[112.72404,-7.99476],[112.72522,-7.99495],[112.72372,-7.99341],[112.72552,-7.99434],[112.72696,-7.99233],[112.72538,-7.99075],[112.72344,-7.9912],[112.7227,-7.98942],[112.72038,-7.98836],[112.71784,-7.98893],[112.71355,-7.9878],[112.71246,-7.98564],[112.72225,-7.98766],[112.72786,-7.99116],[112.73102,-7.98858],[112.73492,-7.98849],[112.73788,-7.99073],[112.73808,-7.98907],[112.74357,-7.99017],[112.74425,-7.98855],[112.7486,-7.98931],[112.75198,-7.98429],[112.75509,-7.98517],[112.75848,-7.98393],[112.76112,-7.98674],[112.76067,-7.98761],[112.76535,-7.98822],[112.76561,-7.98958],[112.76702,-7.98971],[112.76872,-7.98812],[112.77469,-7.99044],[112.7786,-7.99044],[112.78126,-7.9929],[112.78403,-7.99243],[112.78843,-7.99488],[112.7903,-7.99385],[112.79096,-7.99648],[112.79191,-7.99586],[112.7988,-7.99797],[112.79996,-7.99716],[112.80005,-7.99806],[112.80345,-7.99822],[112.80508,-7.99979],[112.8066,-7.99916],[112.80723,-8.00022],[112.81572,-7.9991],[112.81887,-7.99775],[112.81917,-7.99646],[112.82221,-7.99651],[112.82654,-7.99336],[112.82666,-7.99106],[112.82969,-7.98925],[112.8342,-7.98829],[112.83681,-7.9896],[112.83926,-7.98942],[112.84537,-7.98597],[112.83929,-7.9992],[112.8381,-8.00061],[112.83595,-8.0004],[112.83531,-8.00185],[112.83681,-8.00167],[112.83784,-8.00537],[112.83956,-8.00531],[112.84082,-8.00692],[112.84009,-8.00958],[112.84114,-8.01094],[112.84027,-8.01241],[112.84188,-8.01559],[112.83324,-8.01891],[112.83268,-8.02095],[112.82887,-8.02324],[112.82309,-8.0244],[112.8217,-8.02576],[112.80769,-8.02599],[112.80145,-8.02793],[112.79784,-8.02607],[112.79656,-8.02771],[112.79086,-8.02943],[112.78907,-8.02761],[112.78828,-8.02901],[112.78693,-8.02875],[112.78706,-8.03024],[112.78525,-8.03071],[112.78536,-8.02926],[112.77971,-8.02822],[112.7795,-8.02643],[112.77808,-8.02588],[112.77723,-8.02648],[112.77436,-8.02539],[112.77504,-8.02675],[112.77378,-8.02734],[112.76764,-8.02392],[112.76535,-8.02544],[112.75893,-8.02316],[112.75729,-8.0221],[112.75696,-8.02037],[112.75244,-8.02718],[112.75637,-8.02845],[112.75556,-8.03158],[112.75445,-8.0314],[112.75539,-8.03255],[112.75495,-8.0342],[112.75342,-8.03302],[112.75008,-8.03338],[112.74898,-8.03119],[112.74427,-8.0279],[112.74156,-8.02728],[112.73919,-8.02953],[112.73804,-8.02794],[112.73544,-8.02735],[112.73528,-8.02618],[112.73199,-8.02565],[112.72691,-8.0224],[112.72468,-8.02589],[112.72269,-8.02565]]]]}},{"type":"Feature","properties":{"kecamatan":"Pakisaji","kab_kota":"Malang","kode_kec":"35.07.19"},"geometry":{"type":"MultiPolygon","coordinates":[[[[112.60148,-8.08267],[112.60247,-8.08738],[112.60516,-8.09037],[112.60181,-8.0927],[112.59929,-8.09745],[112.59164,-8.09384],[112.59038,-8.09618],[112.58892,-8.09563],[112.5886,-8.09467],[112.59306,-8.08751],[112.59065,-8.08555],[112.58882,-8.08854],[112.58751,-8.08771],[112.58891,-8.08516],[112.58347,-8.08287],[112.58422,-8.0819],[112.57636,-8.08011],[112.57562,-8.07797],[112.57764,-8.07681],[112.5771,-8.07464],[112.57853,-8.07381],[112.57787,-8.07212],[112.57869,-8.07054],[112.57861,-8.06842],[112.57586,-8.06334],[112.57638,-8.06226],[112.57233,-8.06062],[112.56684,-8.06177],[112.56671,-8.06035],[112.56361,-8.06015],[112.55782,-8.05388],[112.55672,-8.04892],[112.55473,-8.04962],[112.55057,-8.0471],[112.55145,-8.04559],[112.54991,-8.0431],[112.55207,-8.03928],[112.55397,-8.04071],[112.55681,-8.03839],[112.55987,-8.04236],[112.5613,-8.04222],[112.5595,-8.0347],[112.5575,-8.03256],[112.56289,-8.02876],[112.56532,-8.02306],[112.57234,-8.02586],[112.57319,-8.02737],[112.5755,-8.02768],[112.57792,-8.02975],[112.58099,-8.03013],[112.5876,-8.0347],[112.59161,-8.03474],[112.59196,-8.03578],[112.5936,-8.03587],[112.59451,-8.03944],[112.6,-8.0443],[112.59867,-8.04712],[112.59995,-8.05048],[112.60115,-8.05038],[112.60111,-8.04879],[112.60356,-8.0483],[112.60165,-8.04508],[112.60435,-8.03832],[112.60584,-8.02935],[112.61096,-8.02624],[112.61226,-8.02455],[112.61169,-8.02199],[112.61389,-8.02226],[112.6143,-8.02124],[112.61854,-8.02321],[112.61768,-8.02681],[112.62089,-8.0276],[112.62161,-8.02906],[112.62471,-8.02946],[112.62774,-8.03321],[112.63087,-8.03496],[112.63169,-8.04599],[112.62834,-8.05378],[112.63164,-8.06229],[112.6293,-8.06763],[112.63027,-8.0695],[112.62924,-8.07024],[112.62834,-8.08082],[112.61626,-8.08994],[112.60837,-8.08649],[112.60466,-8.08406],[112.60454,-8.08259],[112.60212,-8.08141],[112.60148,-8.08267]]]]}},{"type":"Feature","properties":{"kecamatan":"Gondanglegi","kab_kota":"Malang","kode_kec":"35.07.10"},"geometry":{"type":"MultiPolygon","coordinates":[[[[112.63319,-8.18287],[112.62869,-8.18287],[112.62497,-8.18135],[112.62536,-8.18045],[112.6118,-8.17621],[112.61349,-8.17496],[112.6117,-8.17365],[112.61217,-8.1721],[112.61078,-8.17147],[112.61223,-8.16625],[112.60198,-8.16148],[112.59412,-8.15584],[112.58913,-8.15431],[112.58798,-8.1606],[112.58504,-8.15987],[112.58185,-8.17058],[112.57814,-8.1719],[112.57717,-8.1705],[112.57937,-8.17057],[112.5806,-8.16892],[112.58009,-8.16752],[112.581,-8.16632],[112.57876,-8.16233],[112.57878,-8.1599],[112.58085,-8.15907],[112.58124,-8.15703],[112.58503,-8.15455],[112.58424,-8.15048],[112.58468,-8.14797],[112.58575,-8.14739],[112.58483,-8.14614],[112.58819,-8.14289],[112.5863,-8.14035],[112.59286,-8.1321],[112.5926,-8.12994],[112.59428,-8.12927],[112.59448,-8.1265],[112.59606,-8.12505],[112.59568,-8.12116],[112.60218,-8.12271],[112.60576,-8.12487],[112.61041,-8.11603],[112.61515,-8.11816],[112.61764,-8.11265],[112.61956,-8.11361],[112.62238,-8.10982],[112.62692,-8.11143],[112.62542,-8.11281],[112.62686,-8.11378],[112.62573,-8.11684],[112.63508,-8.11933],[112.63672,-8.11823],[112.64055,-8.13136],[112.64839,-8.13179],[112.65971,-8.1348],[112.66041,-8.13159],[112.67042,-8.1344],[112.67566,-8.1337],[112.67401,-8.13999],[112.67598,-8.14102],[112.67385,-8.1433],[112.67478,-8.14444],[112.67362,-8.14732],[112.67082,-8.15018],[112.67098,-8.15397],[112.66604,-8.15722],[112.66492,-8.15934],[112.67195,-8.16165],[112.67177,-8.16551],[112.67364,-8.16863],[112.67208,-8.17119],[112.67183,-8.17427],[112.66923,-8.17579],[112.66798,-8.18172],[112.67074,-8.18575],[112.66932,-8.18633],[112.66936,-8.18916],[112.67164,-8.18935],[112.67583,-8.19252],[112.66905,-8.20488],[112.65032,-8.20624],[112.64914,-8.20548],[112.65003,-8.20359],[112.64834,-8.20291],[112.64384,-8.20272],[112.64265,-8.20479],[112.62877,-8.19843],[112.62596,-8.19657],[112.62669,-8.19554],[112.62559,-8.19445],[112.63081,-8.19269],[112.63698,-8.18727],[112.63324,-8.18428],[112.63319,-8.18287]]]]}},{"type":"Feature","properties":{"kecamatan":"Kepanjen","kab_kota":"Malang","kode_kec":"35.07.13"},"geometry":{"type":"MultiPolygon","coordinates":[[[[112.55139,-8.18518],[112.55209,-8.1863],[112.5501,-8.18638],[112.5483,-8.18288],[112.54275,-8.18068],[112.5377,-8.18416],[112.53597,-8.18301],[112.53396,-8.18331],[112.53757,-8.17564],[112.53659,-8.17279],[112.53797,-8.16983],[112.54024,-8.16845],[112.54116,-8.1653],[112.53974,-8.1641],[112.54101,-8.16272],[112.54025,-8.16135],[112.54159,-8.1585],[112.54289,-8.1583],[112.5406,-8.15225],[112.53844,-8.15017],[112.53882,-8.14611],[112.54008,-8.14544],[112.53938,-8.1439],[112.54409,-8.1396],[112.54526,-8.13993],[112.54688,-8.13704],[112.54704,-8.1328],[112.54966,-8.12955],[112.54956,-8.12811],[112.54849,-8.12792],[112.54876,-8.12552],[112.54531,-8.12446],[112.54788,-8.12252],[112.54939,-8.11848],[112.55447,-8.12013],[112.55484,-8.1178],[112.55678,-8.11744],[112.56191,-8.1063],[112.56463,-8.10471],[112.56379,-8.10216],[112.56455,-8.101],[112.56964,-8.10155],[112.57063,-8.09677],[112.57156,-8.09697],[112.57405,-8.09375],[112.57563,-8.09418],[112.57887,-8.09159],[112.57658,-8.08752],[112.57827,-8.08712],[112.5777,-8.08398],[112.57931,-8.08077],[112.5842,-8.08189],[112.58347,-8.08287],[112.58891,-8.08516],[112.58751,-8.08771],[112.58858,-8.08843],[112.59065,-8.08555],[112.59306,-8.08751],[112.5886,-8.09467],[112.58892,-8.09563],[112.59038,-8.09618],[112.59164,-8.09384],[112.59929,-8.09745],[112.60181,-8.0927],[112.60509,-8.09072],[112.60504,-8.08952],[112.60247,-8.08738],[112.60148,-8.08267],[112.60212,-8.08141],[112.60454,-8.08259],[112.60466,-8.08406],[112.61584,-8.09061],[112.6132,-8.09646],[112.61477,-8.10081],[112.61115,-8.10475],[112.61065,-8.10845],[112.60701,-8.109],[112.60406,-8.11422],[112.60029,-8.11481],[112.59918,-8.11882],[112.59568,-8.12116],[112.59606,-8.12505],[112.59448,-8.1265],[112.59428,-8.12927],[112.5926,-8.12994],[112.59286,-8.1321],[112.5863,-8.14035],[112.58819,-8.14289],[112.58483,-8.14614],[112.58575,-8.14739],[112.58468,-8.14797],[112.58424,-8.15048],[112.58503,-8.15455],[112.58124,-8.15703],[112.58085,-8.15907],[112.57878,-8.1599],[112.57876,-8.16233],[112.581,-8.16632],[112.58053,-8.16908],[112.57937,-8.17057],[112.57725,-8.17024],[112.5774,-8.17198],[112.57139,-8.17392],[112.56953,-8.17641],[112.56531,-8.17478],[112.562,-8.17561],[112.56134,-8.1789],[112.55869,-8.17894],[112.55716,-8.18149],[112.55366,-8.18064],[112.55139,-8.18518]]]]}},{"type":"Feature","properties":{"kecamatan":"Bululawang","kab_kota":"Malang","kode_kec":"35.07.14"},"geometry":{"type":"MultiPolygon","coordinates":[[[[112.63644,-8.11831],[112.63508,-8.11933],[112.62573,-8.11684],[112.62686,-8.11378],[112.62542,-8.11281],[112.62692,-8.11143],[112.62238,-8.10982],[112.61956,-8.11361],[112.61764,-8.11265],[112.61515,-8.11816],[112.61041,-8.11603],[112.60576,-8.12487],[112.59621,-8.12062],[112.59918,-8.11882],[112.60029,-8.11481],[112.60406,-8.11422],[112.60701,-8.109],[112.61065,-8.10845],[112.61115,-8.10475],[112.61477,-8.10081],[112.6132,-8.09646],[112.61587,-8.09081],[112.61491,-8.08978],[112.61678,-8.08975],[112.62824,-8.08098],[112.62929,-8.07003],[112.63497,-8.0645],[112.63596,-8.06068],[112.63776,-8.06074],[112.6382,-8.0591],[112.6393,-8.05895],[112.64112,-8.05453],[112.64312,-8.055],[112.64283,-8.06195],[112.64467,-8.06204],[112.64633,-8.06372],[112.65262,-8.06456],[112.65242,-8.06566],[112.65021,-8.0656],[112.64824,-8.0703],[112.65019,-8.07126],[112.64868,-8.07489],[112.65118,-8.07582],[112.65083,-8.07712],[112.65425,-8.07801],[112.6538,-8.08252],[112.66117,-8.08227],[112.66352,-8.08092],[112.67144,-8.0834],[112.67448,-8.07671],[112.67726,-8.07734],[112.67819,-8.0755],[112.67838,-8.07651],[112.68231,-8.07718],[112.68076,-8.08406],[112.688,-8.08351],[112.68694,-8.08458],[112.68772,-8.08543],[112.68719,-8.08734],[112.68517,-8.08894],[112.68784,-8.09109],[112.68737,-8.0927],[112.6969,-8.09385],[112.69645,-8.10124],[112.69357,-8.10141],[112.69286,-8.10269],[112.69082,-8.10258],[112.6883,-8.10411],[112.68914,-8.11847],[112.6865,-8.11939],[112.68557,-8.12216],[112.68453,-8.12191],[112.67566,-8.1337],[112.67042,-8.1344],[112.66041,-8.13159],[112.65971,-8.1348],[112.64839,-8.13179],[112.64055,-8.13136],[112.63644,-8.11831]]]]}},{"type":"Feature","properties":{"kecamatan":"Kalipare","kab_kota":"Malang","kode_kec":"35.07.11"},"geometry":{"type":"MultiPolygon","coordinates":[[[[112.46566,-8.2595],[112.46567,-8.26746],[112.45552,-8.27116],[112.45378,-8.26969],[112.4522,-8.26921],[112.4514,-8.27041],[112.44485,-8.2678],[112.43094,-8.2677],[112.43206,-8.26565],[112.43212,-8.26009],[112.41626,-8.25878],[112.41611,-8.24285],[112.4029,-8.24106],[112.40494,-8.23483],[112.39499,-8.2356],[112.38718,-8.23748],[112.38941,-8.2308],[112.38924,-8.21524],[112.3863,-8.21384],[112.38295,-8.20785],[112.38509,-8.20545],[112.38432,-8.2041],[112.38481,-8.19993],[112.38223,-8.1947],[112.38271,-8.19144],[112.37737,-8.18722],[112.37338,-8.18644],[112.36709,-8.18321],[112.36681,-8.17488],[112.37325,-8.16972],[112.37873,-8.17062],[112.38327,-8.16902],[112.39047,-8.16196],[112.39297,-8.16167],[112.39583,-8.16482],[112.3992,-8.16293],[112.40306,-8.16322],[112.41163,-8.16019],[112.41545,-8.16638],[112.41617,-8.16196],[112.41772,-8.15954],[112.42008,-8.15954],[112.42079,-8.15824],[112.42262,-8.15789],[112.42514,-8.15947],[112.42963,-8.15929],[112.43232,-8.15664],[112.43428,-8.15648],[112.43775,-8.15757],[112.43968,-8.161],[112.44599,-8.16175],[112.4584,-8.16885],[112.46444,-8.17942],[112.47163,-8.17875],[112.48651,-8.18632],[112.48882,-8.19777],[112.48784,-8.20231],[112.48887,-8.20913],[112.49009,-8.21185],[112.49206,-8.21235],[112.49137,-8.21623],[112.49378,-8.21945],[112.49124,-8.22372],[112.49356,-8.22728],[112.49392,-8.23812],[112.49041,-8.25152],[112.48925,-8.26125],[112.48679,-8.26522],[112.48686,-8.27144],[112.47862,-8.27306],[112.47717,-8.27456],[112.47588,-8.27275],[112.47262,-8.27175],[112.4742,-8.25817],[112.47093,-8.25877],[112.46739,-8.25702],[112.46701,-8.25798],[112.46574,-8.25759],[112.46566,-8.2595]]]]}},{"type":"Feature","properties":{"kecamatan":"Sumberpucung","kab_kota":"Malang","kode_kec":"35.07.12"},"geometry":{"type":"MultiPolygon","coordinates":[[[[112.54153,-8.15864],[112.5402,-8.1615],[112.54101,-8.16272],[112.53974,-8.1641],[112.54116,-8.1653],[112.54024,-8.16845],[112.53797,-8.16983],[112.53659,-8.17279],[112.53757,-8.17564],[112.534,-8.1834],[112.52456,-8.1867],[112.52113,-8.18666],[112.50981,-8.19322],[112.50361,-8.19357],[112.49881,-8.19056],[112.49613,-8.19365],[112.49233,-8.19201],[112.48651,-8.18632],[112.47351,-8.17958],[112.47163,-8.17875],[112.46444,-8.17942],[112.4584,-8.16885],[112.44599,-8.16175],[112.43968,-8.161],[112.43775,-8.15757],[112.43384,-8.15647],[112.43747,-8.15337],[112.44017,-8.14882],[112.44741,-8.14805],[112.45092,-8.14496],[112.45302,-8.14458],[112.45468,-8.14706],[112.45702,-8.14655],[112.45911,-8.14411],[112.46197,-8.13667],[112.46448,-8.14084],[112.46994,-8.14354],[112.47403,-8.14316],[112.47577,-8.14465],[112.48266,-8.14412],[112.48535,-8.14753],[112.48951,-8.14704],[112.49009,-8.14861],[112.49149,-8.14886],[112.4968,-8.14604],[112.49838,-8.14899],[112.49996,-8.149],[112.50381,-8.147],[112.50366,-8.14538],[112.50633,-8.14663],[112.5049,-8.14328],[112.5058,-8.14188],[112.50699,-8.14334],[112.50672,-8.14111],[112.5105,-8.14346],[112.51115,-8.14192],[112.51569,-8.14399],[112.51525,-8.14588],[112.52314,-8.14858],[112.52511,-8.15205],[112.53179,-8.15309],[112.53306,-8.15644],[112.53714,-8.15583],[112.53746,-8.15489],[112.54157,-8.15612],[112.54289,-8.1583],[112.54153,-8.15864]]]]}},{"type":"Feature","properties":{"kecamatan":"Kasembon","kab_kota":"Malang","kode_kec":"35.07.28"},"geometry":{"type":"MultiPolygon","coordinates":[[[[112.35434,-7.82289],[112.35597,-7.82904],[112.35256,-7.83381],[112.35167,-7.83925],[112.34915,-7.83849],[112.34624,-7.84171],[112.34108,-7.84273],[112.34,-7.84625],[112.34116,-7.84956],[112.34504,-7.85137],[112.34949,-7.85065],[112.34933,-7.85161],[112.34647,-7.85453],[112.34185,-7.85524],[112.33794,-7.85753],[112.33436,-7.86543],[112.32531,-7.87057],[112.32257,-7.86553],[112.3182,-7.86147],[112.31902,-7.85734],[112.32125,-7.85545],[112.32031,-7.85009],[112.31731,-7.84686],[112.31935,-7.83908],[112.31558,-7.8375],[112.30763,-7.83892],[112.30951,-7.83398],[112.30663,-7.82843],[112.30803,-7.82332],[112.30527,-7.81222],[112.30648,-7.80644],[112.30571,-7.80246],[112.30704,-7.80105],[112.30686,-7.79928],[112.30174,-7.79323],[112.30038,-7.78927],[112.29607,-7.7889],[112.29269,-7.78128],[112.28829,-7.77955],[112.28887,-7.77585],[112.28784,-7.77067],[112.29209,-7.76863],[112.29941,-7.76939],[112.30058,-7.77168],[112.30642,-7.77283],[112.30684,-7.77486],[112.30736,-7.77407],[112.30869,-7.77551],[112.3109,-7.77498],[112.31046,-7.77675],[112.31963,-7.77783],[112.32246,-7.7766],[112.32864,-7.77729],[112.32966,-7.77611],[112.33706,-7.77394],[112.33936,-7.77444],[112.33965,-7.76805],[112.34647,-7.76551],[112.34914,-7.76152],[112.35757,-7.76626],[112.36477,-7.76712],[112.36676,-7.76838],[112.37018,-7.77192],[112.3701,-7.774],[112.37196,-7.77617],[112.37581,-7.77861],[112.37768,-7.78193],[112.38058,-7.78333],[112.38121,-7.78432],[112.37979,-7.78615],[112.386,-7.78753],[112.38705,-7.79373],[112.39091,-7.79599],[112.38962,-7.79945],[112.39029,-7.80169],[112.38692,-7.80397],[112.38345,-7.80296],[112.38294,-7.80403],[112.38154,-7.80392],[112.37636,-7.80952],[112.37453,-7.80819],[112.37083,-7.808],[112.36744,-7.81044],[112.36347,-7.8085],[112.35434,-7.82289]]]]}},{"type":"Feature","properties":{"kecamatan":"Gedangan","kab_kota":"Malang","kode_kec":"35.07.29"},"geometry":{"type":"MultiPolygon","coordinates":[[[[112.61569,-8.43246],[112.61572,-8.43246],[112.61575,-8.43249],[112.61575,-8.43256],[112.61573,-8.43262],[112.61573,-8.43267],[112.61571,-8.43271],[112.61568,-8.43271],[112.61564,-8.43267],[112.61563,-8.43263],[112.61563,-8.43258],[112.61566,-8.43249],[112.61569,-8.43246]]],[[[112.59307,-8.41831],[112.59317,-8.41833],[112.59321,-8.41845],[112.59321,-8.41851],[112.59315,-8.41864],[112.59307,-8.41864],[112.59295,-8.41858],[112.59294,-8.41849],[112.59298,-8.41835],[112.59307,-8.41831]]],[[[112.59512,-8.41837],[112.59508,-8.4184],[112.59478,-8.41846],[112.59471,-8.41845],[112.59469,-8.4184],[112.59485,-8.41824],[112.59498,-8.41816],[112.59512,-8.41821],[112.59512,-8.41837]]],[[[112.58466,-8.41777],[112.58467,-8.41769],[112.5847,-8.4176],[112.58473,-8.41752],[112.58487,-8.41751],[112.58496,-8.41755],[112.58499,-8.41775],[112.58487,-8.41805],[112.58479,-8.4182],[112.58471,-8.41828],[112.58464,-8.41825],[112.58459,-8.41812],[112.58461,-8.41794],[112.58466,-8.41777]]],[[[112.59403,-8.41636],[112.59327,-8.41771],[112.59112,-8.41638],[112.58631,-8.41816],[112.58714,-8.41762],[112.58632,-8.41685],[112.57927,-8.41448],[112.57971,-8.41339],[112.57682,-8.41201],[112.57761,-8.41008],[112.57318,-8.40738],[112.56826,-8.40772],[112.56756,-8.40558],[112.553,-8.4016],[112.56134,-8.39769],[112.5613,-8.39138],[112.56547,-8.39009],[112.56583,-8.38522],[112.56889,-8.3829],[112.5682,-8.37973],[112.56626,-8.37937],[112.56505,-8.37662],[112.56572,-8.37356],[112.56452,-8.37059],[112.56551,-8.36876],[112.56935,-8.36723],[112.57016,-8.36459],[112.57228,-8.3633],[112.57397,-8.35809],[112.57187,-8.35381],[112.57371,-8.35197],[112.57169,-8.34963],[112.57279,-8.34519],[112.57194,-8.34202],[112.57577,-8.33934],[112.57873,-8.33455],[112.58123,-8.33292],[112.58143,-8.33107],[112.58415,-8.32893],[112.58762,-8.32868],[112.592,-8.32594],[112.59508,-8.32537],[112.59659,-8.32325],[112.59957,-8.32288],[112.60149,-8.31905],[112.60035,-8.31733],[112.60193,-8.31565],[112.60089,-8.31408],[112.60498,-8.31402],[112.60632,-8.31535],[112.60813,-8.31443],[112.60571,-8.31125],[112.60589,-8.30605],[112.60094,-8.30558],[112.60336,-8.30397],[112.60207,-8.30259],[112.6025,-8.3011],[112.60342,-8.30158],[112.60273,-8.29893],[112.60699,-8.29547],[112.60573,-8.29229],[112.60622,-8.2903],[112.60851,-8.2902],[112.60854,-8.2876],[112.61546,-8.28739],[112.6162,-8.28199],[112.61517,-8.2733],[112.6134,-8.27068],[112.61059,-8.27074],[112.61052,-8.26911],[112.60857,-8.26785],[112.60391,-8.27078],[112.60592,-8.26799],[112.6025,-8.26722],[112.6025,-8.26491],[112.6012,-8.26314],[112.59631,-8.26013],[112.59651,-8.25903],[112.59843,-8.25875],[112.60694,-8.26045],[112.60879,-8.25881],[112.6072,-8.25186],[112.60507,-8.25179],[112.60313,-8.24959],[112.60427,-8.24545],[112.60359,-8.24325],[112.6,-8.24178],[112.60533,-8.23065],[112.60915,-8.23151],[112.61078,-8.23407],[112.61383,-8.23388],[112.61697,-8.23688],[112.62616,-8.24051],[112.62809,-8.23884],[112.62984,-8.23979],[112.63126,-8.23887],[112.63229,-8.24016],[112.63375,-8.23861],[112.63676,-8.23997],[112.63644,-8.23724],[112.64013,-8.23767],[112.64688,-8.24243],[112.64914,-8.24213],[112.65053,-8.2502],[112.6478,-8.25405],[112.64773,-8.25644],[112.65013,-8.25826],[112.65198,-8.2652],[112.66612,-8.26764],[112.66388,-8.26952],[112.66261,-8.27513],[112.661,-8.27687],[112.65769,-8.28567],[112.65624,-8.29447],[112.66206,-8.29664],[112.67122,-8.29493],[112.66926,-8.30008],[112.66415,-8.2982],[112.66332,-8.30011],[112.66378,-8.30201],[112.66978,-8.30572],[112.66835,-8.30602],[112.66865,-8.30744],[112.66642,-8.30775],[112.66817,-8.30949],[112.66678,-8.31161],[112.66504,-8.31143],[112.66194,-8.31715],[112.66242,-8.31904],[112.66741,-8.32085],[112.66752,-8.32322],[112.66481,-8.32674],[112.66603,-8.33229],[112.66502,-8.3369],[112.66661,-8.33821],[112.667,-8.34071],[112.66615,-8.34158],[112.66661,-8.35067],[112.6652,-8.35456],[112.66609,-8.35698],[112.66822,-8.35849],[112.66755,-8.35994],[112.66842,-8.36266],[112.66636,-8.36366],[112.66826,-8.36663],[112.66464,-8.37098],[112.66153,-8.37244],[112.66005,-8.37659],[112.65746,-8.3793],[112.65818,-8.38106],[112.65913,-8.38016],[112.65958,-8.38135],[112.65744,-8.38457],[112.6584,-8.38787],[112.65637,-8.38829],[112.65825,-8.38975],[112.65783,-8.39196],[112.65685,-8.39215],[112.65829,-8.39302],[112.65558,-8.39376],[112.65693,-8.39426],[112.65689,-8.39591],[112.65537,-8.39704],[112.65682,-8.39857],[112.65849,-8.39789],[112.65716,-8.39933],[112.65852,-8.40086],[112.65075,-8.40603],[112.65179,-8.40906],[112.64841,-8.41044],[112.64917,-8.41222],[112.64849,-8.41725],[112.64981,-8.42002],[112.64523,-8.4219],[112.6476,-8.42359],[112.64553,-8.42398],[112.64491,-8.42582],[112.64696,-8.42555],[112.64796,-8.42755],[112.64303,-8.43445],[112.64332,-8.43546],[112.64557,-8.43605],[112.64387,-8.43896],[112.64276,-8.43905],[112.6409,-8.43524],[112.63797,-8.43289],[112.62957,-8.42822],[112.62422,-8.42841],[112.62388,-8.42941],[112.62175,-8.42973],[112.62184,-8.43231],[112.62061,-8.43058],[112.61818,-8.43409],[112.61588,-8.43381],[112.61689,-8.43272],[112.61518,-8.4317],[112.61572,-8.42926],[112.61435,-8.42807],[112.61506,-8.4265],[112.61132,-8.42163],[112.60495,-8.41995],[112.60487,-8.41903],[112.60093,-8.419],[112.6007,-8.41809],[112.59973,-8.41874],[112.59792,-8.41724],[112.59629,-8.41784],[112.59611,-8.41637],[112.59403,-8.41636]]],[[[112.62261,-8.44157],[112.62269,-8.44154],[112.62277,-8.44156],[112.62288,-8.44167],[112.62289,-8.44182],[112.6228,-8.4419],[112.62271,-8.44193],[112.62264,-8.44188],[112.62261,-8.44181],[112.62258,-8.44169],[112.62261,-8.44157]]],[[[112.621,-8.44021],[112.62108,-8.44016],[112.62116,-8.44009],[112.62123,-8.4401],[112.62128,-8.44028],[112.62128,-8.44039],[112.62125,-8.4405],[112.62127,-8.44066],[112.62125,-8.4408],[112.6212,-8.44086],[112.62088,-8.44104],[112.62081,-8.44101],[112.62077,-8.44089],[112.62072,-8.44074],[112.62072,-8.44073],[112.62093,-8.44028],[112.621,-8.44021]]]]}},{"type":"Feature","properties":{"kecamatan":"Pujon","kab_kota":"Malang","kode_kec":"35.07.26"},"geometry":{"type":"MultiPolygon","coordinates":[[[[112.47128,-7.94477],[112.46791,-7.94721],[112.46537,-7.94359],[112.46127,-7.94061],[112.45734,-7.9329],[112.45176,-7.92595],[112.45183,-7.91846],[112.4479,-7.91284],[112.44605,-7.91108],[112.44147,-7.91115],[112.42635,-7.89442],[112.42451,-7.89054],[112.42161,-7.88913],[112.42102,-7.88648],[112.4153,-7.88344],[112.41128,-7.87966],[112.40955,-7.87441],[112.41065,-7.87018],[112.40767,-7.868],[112.40495,-7.87057],[112.40122,-7.86527],[112.39253,-7.86684],[112.39071,-7.86956],[112.38387,-7.8727],[112.38213,-7.87098],[112.39458,-7.86294],[112.3961,-7.85466],[112.39978,-7.85635],[112.40383,-7.84944],[112.39964,-7.84851],[112.39858,-7.84481],[112.39957,-7.83919],[112.38951,-7.83316],[112.38848,-7.8289],[112.39592,-7.82739],[112.39707,-7.82337],[112.4,-7.82423],[112.40179,-7.82608],[112.40333,-7.82478],[112.40694,-7.82677],[112.40807,-7.82316],[112.40482,-7.82049],[112.40416,-7.81799],[112.39983,-7.81766],[112.39939,-7.813],[112.39703,-7.81159],[112.39215,-7.80334],[112.38692,-7.80397],[112.39029,-7.80169],[112.38962,-7.79945],[112.39091,-7.79599],[112.38705,-7.79373],[112.38719,-7.79061],[112.38581,-7.78735],[112.38182,-7.7872],[112.37965,-7.78579],[112.38121,-7.78432],[112.3845,-7.78506],[112.38902,-7.78293],[112.39675,-7.7853],[112.40049,-7.78112],[112.40572,-7.78051],[112.41161,-7.77661],[112.41359,-7.77393],[112.4132,-7.77275],[112.41747,-7.76435],[112.42218,-7.76617],[112.42706,-7.77007],[112.43021,-7.77079],[112.43302,-7.76936],[112.43629,-7.76536],[112.43833,-7.76706],[112.44012,-7.77381],[112.44248,-7.77621],[112.45562,-7.77922],[112.45988,-7.77367],[112.46089,-7.77043],[112.46303,-7.76903],[112.46692,-7.76785],[112.47856,-7.7679],[112.48382,-7.76429],[112.48786,-7.76429],[112.48946,-7.76554],[112.49189,-7.77917],[112.49138,-7.78574],[112.49426,-7.78922],[112.49824,-7.79856],[112.49754,-7.80621],[112.49953,-7.81654],[112.49893,-7.82125],[112.49648,-7.82293],[112.49365,-7.82753],[112.49673,-7.83642],[112.49464,-7.83911],[112.49296,-7.84548],[112.49462,-7.85399],[112.49185,-7.8551],[112.48983,-7.85897],[112.48681,-7.85867],[112.48872,-7.86127],[112.48751,-7.8653],[112.48778,-7.87759],[112.47892,-7.88624],[112.47734,-7.89202],[112.47805,-7.89765],[112.4801,-7.89968],[112.48035,-7.90219],[112.48165,-7.90254],[112.48291,-7.90569],[112.48146,-7.90885],[112.48372,-7.91373],[112.48199,-7.92021],[112.48405,-7.92418],[112.47128,-7.94477]]]]}},{"type":"Feature","properties":{"kecamatan":"Ngantang","kab_kota":"Malang","kode_kec":"35.07.27"},"geometry":{"type":"MultiPolygon","coordinates":[[[[112.41411,-7.94623],[112.40721,-7.95026],[112.38336,-7.95292],[112.37897,-7.95466],[112.37462,-7.95488],[112.37051,-7.95722],[112.36524,-7.95536],[112.36268,-7.9562],[112.36417,-7.95383],[112.36337,-7.95109],[112.35558,-7.94541],[112.33888,-7.94459],[112.32959,-7.93829],[112.32756,-7.93752],[112.32648,-7.93819],[112.32148,-7.93522],[112.32022,-7.93288],[112.31407,-7.93137],[112.31331,-7.93058],[112.31428,-7.92957],[112.31339,-7.92902],[112.31116,-7.92826],[112.30913,-7.93095],[112.30658,-7.9293],[112.31023,-7.92772],[112.31382,-7.9205],[112.31247,-7.90276],[112.31724,-7.89805],[112.31783,-7.89564],[112.32337,-7.89186],[112.32263,-7.88978],[112.32342,-7.88562],[112.32523,-7.88316],[112.32588,-7.87796],[112.32531,-7.87057],[112.33436,-7.86543],[112.33794,-7.85753],[112.34185,-7.85524],[112.34647,-7.85453],[112.34933,-7.85161],[112.34949,-7.85065],[112.34504,-7.85137],[112.34079,-7.84927],[112.33995,-7.8466],[112.34094,-7.84292],[112.34624,-7.84171],[112.34915,-7.83849],[112.35167,-7.83925],[112.35256,-7.83381],[112.35597,-7.82904],[112.35412,-7.82272],[112.35585,-7.82161],[112.36347,-7.8085],[112.36744,-7.81044],[112.37083,-7.808],[112.37453,-7.80819],[112.37636,-7.80952],[112.37732,-7.80761],[112.37889,-7.80736],[112.37918,-7.80581],[112.38331,-7.80297],[112.38692,-7.80397],[112.39215,-7.80334],[112.39703,-7.81159],[112.39939,-7.813],[112.39983,-7.81766],[112.40416,-7.81799],[112.40482,-7.82049],[112.40807,-7.82316],[112.40706,-7.82671],[112.40333,-7.82478],[112.40179,-7.82608],[112.4,-7.82423],[112.39707,-7.82337],[112.39592,-7.82739],[112.38848,-7.8289],[112.38951,-7.83316],[112.39957,-7.83919],[112.39858,-7.84481],[112.39964,-7.84851],[112.40383,-7.84944],[112.39978,-7.85635],[112.3961,-7.85466],[112.39458,-7.86294],[112.38221,-7.8712],[112.38387,-7.8727],[112.39071,-7.86956],[112.39253,-7.86684],[112.39949,-7.86537],[112.40122,-7.86527],[112.40495,-7.87057],[112.40793,-7.86815],[112.41065,-7.87018],[112.40955,-7.87441],[112.41128,-7.87966],[112.4153,-7.88344],[112.42102,-7.88648],[112.42161,-7.88913],[112.42451,-7.89054],[112.42635,-7.89442],[112.44147,-7.91115],[112.44605,-7.91108],[112.45183,-7.91846],[112.45214,-7.92651],[112.44695,-7.9314],[112.44162,-7.93208],[112.43225,-7.93033],[112.42827,-7.93337],[112.42045,-7.94243],[112.41411,-7.94623]]]]}},{"type":"Feature","properties":{"kecamatan":"Ngajum","kab_kota":"Malang","kode_kec":"35.07.20"},"geometry":{"type":"MultiPolygon","coordinates":[[[[112.55447,-8.12013],[112.54939,-8.11848],[112.54788,-8.12252],[112.54427,-8.12511],[112.54088,-8.12323],[112.54105,-8.12178],[112.53904,-8.11965],[112.53533,-8.12424],[112.53159,-8.12643],[112.52975,-8.1253],[112.53015,-8.1151],[112.52764,-8.11153],[112.52646,-8.10399],[112.52776,-8.1013],[112.52936,-8.10246],[112.5349,-8.10213],[112.53593,-8.09533],[112.53325,-8.09374],[112.53081,-8.08653],[112.53142,-8.08367],[112.52845,-8.08157],[112.52467,-8.07245],[112.52,-8.06753],[112.51866,-8.05992],[112.51421,-8.05238],[112.51404,-8.04505],[112.51136,-8.04172],[112.51209,-8.038],[112.50949,-8.03057],[112.50669,-8.02879],[112.50097,-8.03033],[112.4989,-8.02694],[112.4984,-8.02894],[112.49733,-8.02791],[112.49641,-8.02848],[112.49505,-8.0272],[112.49388,-8.02283],[112.48716,-8.01696],[112.48659,-8.01351],[112.48051,-8.00509],[112.4796,-7.99011],[112.47788,-7.98756],[112.47695,-7.98276],[112.47735,-7.97309],[112.4802,-7.9752],[112.48571,-7.97508],[112.50575,-7.98676],[112.50869,-7.98599],[112.51116,-7.98674],[112.50913,-7.99129],[112.51021,-7.99712],[112.50804,-7.99959],[112.50753,-8.00313],[112.5063,-8.00261],[112.50574,-8.00342],[112.50635,-8.00593],[112.50707,-8.00534],[112.51287,-8.00888],[112.51717,-8.00949],[112.51969,-8.00655],[112.52154,-8.00703],[112.52414,-8.01046],[112.52661,-8.01157],[112.52688,-8.01368],[112.52872,-8.01465],[112.5333,-8.0208],[112.53824,-8.02278],[112.53847,-8.02414],[112.54318,-8.02666],[112.53923,-8.01933],[112.53989,-8.01851],[112.5435,-8.02026],[112.55175,-8.02881],[112.55417,-8.02938],[112.55812,-8.0331],[112.56088,-8.03922],[112.56117,-8.04238],[112.55987,-8.04236],[112.55681,-8.03839],[112.55397,-8.04071],[112.55207,-8.03928],[112.54991,-8.0431],[112.55145,-8.04559],[112.55057,-8.0471],[112.55127,-8.04809],[112.55473,-8.04962],[112.55672,-8.04892],[112.55782,-8.05388],[112.56361,-8.06015],[112.56671,-8.06035],[112.56684,-8.06177],[112.57233,-8.06062],[112.57638,-8.06226],[112.57607,-8.06394],[112.57861,-8.06842],[112.57855,-8.07366],[112.5771,-8.07464],[112.57764,-8.07681],[112.57563,-8.07811],[112.57636,-8.08011],[112.57928,-8.081],[112.5777,-8.08398],[112.57827,-8.08712],[112.57658,-8.08752],[112.57887,-8.09159],[112.57563,-8.09418],[112.57405,-8.09375],[112.57156,-8.09697],[112.57063,-8.09677],[112.56964,-8.10155],[112.56455,-8.101],[112.56379,-8.10216],[112.56463,-8.10471],[112.56191,-8.1063],[112.55678,-8.11744],[112.55484,-8.1178],[112.55447,-8.12013]]]]}},{"type":"Feature","properties":{"kecamatan":"Wagir","kab_kota":"Malang","kode_kec":"35.07.21"},"geometry":{"type":"MultiPolygon","coordinates":[[[[112.56497,-8.02357],[112.56289,-8.02876],[112.5575,-8.03256],[112.55417,-8.02938],[112.55175,-8.02881],[112.54298,-8.01992],[112.5396,-8.01846],[112.53923,-8.0194],[112.54381,-8.02689],[112.53847,-8.02414],[112.53824,-8.02278],[112.53351,-8.02095],[112.52862,-8.01454],[112.52688,-8.01368],[112.52661,-8.01157],[112.52414,-8.01046],[112.52154,-8.00703],[112.51969,-8.00655],[112.51717,-8.00949],[112.51287,-8.00888],[112.50707,-8.00534],[112.50658,-8.0061],[112.50574,-8.00342],[112.5063,-8.00261],[112.50753,-8.00313],[112.50804,-7.99959],[112.51021,-7.99712],[112.50913,-7.99129],[112.51116,-7.98674],[112.50869,-7.98599],[112.50575,-7.98676],[112.48571,-7.97508],[112.48925,-7.97328],[112.49652,-7.97452],[112.5076,-7.98183],[112.50611,-7.9786],[112.5067,-7.97726],[112.50242,-7.97482],[112.5013,-7.97053],[112.50515,-7.96982],[112.50864,-7.97278],[112.51088,-7.97235],[112.51525,-7.97532],[112.51836,-7.97576],[112.5236,-7.97138],[112.52649,-7.97148],[112.52634,-7.96826],[112.52775,-7.967],[112.53048,-7.96773],[112.53045,-7.96572],[112.53687,-7.96424],[112.53847,-7.96475],[112.54187,-7.96907],[112.54615,-7.96974],[112.55916,-7.976],[112.56131,-7.97459],[112.55916,-7.97118],[112.56105,-7.973],[112.56183,-7.97226],[112.56463,-7.97297],[112.56735,-7.97092],[112.56953,-7.97099],[112.57116,-7.96805],[112.57438,-7.96872],[112.57468,-7.96779],[112.5764,-7.96773],[112.58036,-7.96931],[112.58199,-7.96727],[112.58747,-7.97185],[112.59183,-7.97297],[112.59103,-7.97608],[112.59749,-7.97909],[112.59683,-7.98038],[112.59826,-7.98102],[112.59687,-7.98379],[112.59529,-7.98168],[112.59179,-7.984],[112.58996,-7.98225],[112.58554,-7.98175],[112.57928,-7.97902],[112.57647,-7.98375],[112.58275,-7.98705],[112.58714,-7.98637],[112.58826,-7.98502],[112.5915,-7.98597],[112.58924,-7.99234],[112.5953,-7.99386],[112.59971,-7.99747],[112.60027,-7.99521],[112.6014,-7.99551],[112.59892,-7.99974],[112.59736,-8.00597],[112.60435,-8.00892],[112.60687,-8.01116],[112.60648,-8.01345],[112.60981,-8.01397],[112.61019,-8.01258],[112.61215,-8.01346],[112.61463,-8.00886],[112.61883,-8.01127],[112.6175,-8.0151],[112.6181,-8.0165],[112.61545,-8.01911],[112.61377,-8.01924],[112.61389,-8.02226],[112.61169,-8.02199],[112.61226,-8.02455],[112.61002,-8.02728],[112.60584,-8.02935],[112.60435,-8.03832],[112.60165,-8.04508],[112.60339,-8.04868],[112.60111,-8.04879],[112.60115,-8.05038],[112.59995,-8.05048],[112.59867,-8.04712],[112.6,-8.0443],[112.59451,-8.03944],[112.5936,-8.03587],[112.59196,-8.03578],[112.59161,-8.03474],[112.5876,-8.0347],[112.58099,-8.03013],[112.57319,-8.02737],[112.56993,-8.02466],[112.56637,-8.02291],[112.56497,-8.02357]]]]}},{"type":"Feature","properties":{"kecamatan":"Singosari","kab_kota":"Malang","kode_kec":"35.07.24"},"geometry":{"type":"MultiPolygon","coordinates":[[[[112.68424,-7.92057],[112.68246,-7.92192],[112.68098,-7.92125],[112.6817,-7.92013],[112.67868,-7.91889],[112.67897,-7.92036],[112.67607,-7.92609],[112.67336,-7.92502],[112.67023,-7.92756],[112.66966,-7.92691],[112.6679,-7.93002],[112.66273,-7.93017],[112.66288,-7.92691],[112.66145,-7.92552],[112.64984,-7.91938],[112.6502,-7.91699],[112.64707,-7.91753],[112.64601,-7.91401],[112.64415,-7.91459],[112.63998,-7.92157],[112.63021,-7.91085],[112.62984,-7.90927],[112.63219,-7.9096],[112.63358,-7.90749],[112.6298,-7.90242],[112.62756,-7.88983],[112.6243,-7.88547],[112.62404,-7.88148],[112.62207,-7.87904],[112.61995,-7.87098],[112.62064,-7.86348],[112.61974,-7.86015],[112.61674,-7.85698],[112.61429,-7.8474],[112.6112,-7.84484],[112.60978,-7.84105],[112.60889,-7.84094],[112.60768,-7.83385],[112.60417,-7.8253],[112.60128,-7.82269],[112.60191,-7.82096],[112.60009,-7.8149],[112.59529,-7.80844],[112.59332,-7.80133],[112.5947,-7.79181],[112.58301,-7.77904],[112.58339,-7.77091],[112.58839,-7.76562],[112.59279,-7.76477],[112.6043,-7.77106],[112.60853,-7.77586],[112.61565,-7.78724],[112.61369,-7.78993],[112.61986,-7.79981],[112.62506,-7.80396],[112.62767,-7.8081],[112.6326,-7.80931],[112.64721,-7.81773],[112.65022,-7.81765],[112.64756,-7.82355],[112.64976,-7.8279],[112.65278,-7.82999],[112.65663,-7.83545],[112.65762,-7.83345],[112.65938,-7.83464],[112.66103,-7.83265],[112.66298,-7.83277],[112.66811,-7.83792],[112.66735,-7.83909],[112.66613,-7.83841],[112.66632,-7.84044],[112.66536,-7.83962],[112.66276,-7.84219],[112.66486,-7.84548],[112.66639,-7.84691],[112.66848,-7.8456],[112.66857,-7.84683],[112.67113,-7.84846],[112.67107,-7.85015],[112.67344,-7.84903],[112.67647,-7.85069],[112.6756,-7.85199],[112.67756,-7.85365],[112.68524,-7.85772],[112.68394,-7.86032],[112.68558,-7.86184],[112.68516,-7.86264],[112.68725,-7.86419],[112.68921,-7.86377],[112.68849,-7.86626],[112.69422,-7.86961],[112.69783,-7.87412],[112.70214,-7.8758],[112.70335,-7.872],[112.70945,-7.87175],[112.71008,-7.86876],[112.71404,-7.86927],[112.71335,-7.8703],[112.71448,-7.87075],[112.7132,-7.87291],[112.71549,-7.87464],[112.71335,-7.88185],[112.71129,-7.88095],[112.70964,-7.88161],[112.70711,-7.88531],[112.70784,-7.88594],[112.7056,-7.89023],[112.70726,-7.8909],[112.70954,-7.88998],[112.71165,-7.89094],[112.71198,-7.89345],[112.71069,-7.89326],[112.71035,-7.89422],[112.71533,-7.89514],[112.71977,-7.89345],[112.72093,-7.89456],[112.72413,-7.89474],[112.72491,-7.89608],[112.72994,-7.89587],[112.73213,-7.89703],[112.73213,-7.8962],[112.73491,-7.89641],[112.73518,-7.8955],[112.7401,-7.89589],[112.74164,-7.89271],[112.74442,-7.89296],[112.74535,-7.89477],[112.74782,-7.88657],[112.75108,-7.8833],[112.75778,-7.88218],[112.76025,-7.88432],[112.76095,-7.88656],[112.75835,-7.88742],[112.75874,-7.88897],[112.75661,-7.89399],[112.75698,-7.89636],[112.75612,-7.89631],[112.75779,-7.89875],[112.7552,-7.89921],[112.75512,-7.90003],[112.75632,-7.90001],[112.75553,-7.90122],[112.75624,-7.90172],[112.75174,-7.90724],[112.74975,-7.90802],[112.74216,-7.9076],[112.7403,-7.90951],[112.73786,-7.90878],[112.73758,-7.90961],[112.72362,-7.906],[112.71789,-7.91326],[112.71782,-7.91635],[112.71634,-7.91788],[112.71076,-7.91687],[112.70504,-7.92643],[112.69916,-7.92319],[112.69854,-7.92421],[112.69341,-7.92162],[112.68991,-7.92209],[112.68424,-7.92057]]]]}},{"type":"Feature","properties":{"kecamatan":"Lawang","kab_kota":"Malang","kode_kec":"35.07.25"},"geometry":{"type":"MultiPolygon","coordinates":[[[[112.66783,-7.83841],[112.66238,-7.83245],[112.65938,-7.83464],[112.65762,-7.83345],[112.65663,-7.83545],[112.65278,-7.82999],[112.64976,-7.8279],[112.64756,-7.82355],[112.65022,-7.81765],[112.64721,-7.81773],[112.6326,-7.80931],[112.62767,-7.8081],[112.62506,-7.80396],[112.61969,-7.7996],[112.61903,-7.79719],[112.61369,-7.78993],[112.61565,-7.78724],[112.61976,-7.78977],[112.62279,-7.7896],[112.62843,-7.79147],[112.63139,-7.79364],[112.63245,-7.7976],[112.63639,-7.79782],[112.64202,-7.79504],[112.64859,-7.79687],[112.6542,-7.79697],[112.65367,-7.80062],[112.65661,-7.80064],[112.66143,-7.80593],[112.66947,-7.80684],[112.68089,-7.8117],[112.69561,-7.8144],[112.69829,-7.81672],[112.70472,-7.81707],[112.70742,-7.81825],[112.70622,-7.82213],[112.71111,-7.82392],[112.71144,-7.81899],[112.71584,-7.82095],[112.72002,-7.81864],[112.72403,-7.81928],[112.72747,-7.81805],[112.73067,-7.81893],[112.73279,-7.81803],[112.73308,-7.82258],[112.73914,-7.82394],[112.73804,-7.82527],[112.73765,-7.83397],[112.73904,-7.8386],[112.74431,-7.84192],[112.74604,-7.84591],[112.7494,-7.84832],[112.7497,-7.85094],[112.75726,-7.8524],[112.76001,-7.85436],[112.76034,-7.85736],[112.76232,-7.85966],[112.76098,-7.86373],[112.7618,-7.87834],[112.75741,-7.88244],[112.75091,-7.8834],[112.74782,-7.88657],[112.74535,-7.89477],[112.74442,-7.89296],[112.74164,-7.89271],[112.7401,-7.89589],[112.73518,-7.8955],[112.73491,-7.89641],[112.73213,-7.8962],[112.73213,-7.89703],[112.72994,-7.89587],[112.72491,-7.89608],[112.72413,-7.89474],[112.72093,-7.89456],[112.71977,-7.89345],[112.71533,-7.89514],[112.71035,-7.89422],[112.71069,-7.89326],[112.71198,-7.89345],[112.71165,-7.89094],[112.70954,-7.88998],[112.70726,-7.8909],[112.7056,-7.89023],[112.70784,-7.88594],[112.70711,-7.88531],[112.70964,-7.88161],[112.71129,-7.88095],[112.71335,-7.88185],[112.71549,-7.87464],[112.7132,-7.87291],[112.71448,-7.87075],[112.71335,-7.8703],[112.71404,-7.86927],[112.71008,-7.86876],[112.70945,-7.87175],[112.70335,-7.872],[112.70214,-7.8758],[112.69954,-7.87548],[112.69422,-7.86961],[112.68849,-7.86626],[112.68921,-7.86377],[112.68725,-7.86419],[112.68516,-7.86264],[112.68558,-7.86184],[112.68394,-7.86032],[112.68524,-7.85772],[112.67756,-7.85365],[112.6756,-7.85199],[112.67647,-7.85069],[112.67344,-7.84903],[112.67107,-7.85015],[112.67113,-7.84846],[112.66857,-7.84683],[112.66848,-7.8456],[112.66639,-7.84691],[112.66486,-7.84548],[112.66276,-7.84219],[112.66536,-7.83962],[112.66656,-7.84019],[112.66613,-7.83841],[112.66783,-7.83841]]]]}},{"type":"Feature","properties":{"kecamatan":"Dau","kab_kota":"Malang","kode_kec":"35.07.22"},"geometry":{"type":"MultiPolygon","coordinates":[[[[112.59834,-7.96319],[112.59922,-7.9652],[112.60275,-7.96751],[112.60084,-7.96842],[112.60333,-7.97053],[112.59927,-7.97344],[112.59377,-7.97373],[112.58822,-7.97217],[112.58199,-7.96727],[112.58036,-7.96931],[112.5764,-7.96773],[112.57468,-7.96779],[112.57438,-7.96872],[112.57116,-7.96805],[112.56953,-7.97099],[112.56735,-7.97092],[112.56463,-7.97297],[112.56183,-7.97226],[112.56105,-7.973],[112.55916,-7.97118],[112.56131,-7.97459],[112.55916,-7.976],[112.54615,-7.96974],[112.54187,-7.96907],[112.53714,-7.96424],[112.53045,-7.96572],[112.53048,-7.96773],[112.52775,-7.967],[112.52634,-7.96826],[112.52649,-7.97148],[112.5236,-7.97138],[112.51836,-7.97576],[112.51525,-7.97532],[112.51088,-7.97235],[112.50864,-7.97278],[112.50463,-7.96981],[112.5013,-7.97053],[112.50242,-7.97482],[112.5067,-7.97726],[112.50611,-7.9786],[112.5076,-7.98183],[112.49652,-7.97452],[112.48925,-7.97328],[112.48571,-7.97508],[112.4802,-7.9752],[112.47735,-7.97309],[112.4773,-7.9643],[112.4734,-7.96233],[112.47095,-7.9575],[112.46588,-7.95665],[112.46425,-7.95158],[112.46791,-7.94721],[112.47016,-7.94622],[112.47463,-7.93937],[112.47755,-7.93824],[112.48134,-7.93317],[112.48405,-7.93135],[112.49895,-7.93198],[112.51392,-7.92835],[112.52242,-7.92768],[112.52694,-7.92539],[112.54139,-7.92631],[112.5415,-7.923],[112.54912,-7.92205],[112.54911,-7.92069],[112.55148,-7.92036],[112.55183,-7.91926],[112.5541,-7.92025],[112.55543,-7.91813],[112.55723,-7.91903],[112.56052,-7.91739],[112.56309,-7.91379],[112.56419,-7.91429],[112.56775,-7.91279],[112.57491,-7.91476],[112.57503,-7.91805],[112.57606,-7.91713],[112.58017,-7.91752],[112.58099,-7.91554],[112.57961,-7.91364],[112.58007,-7.91188],[112.581,-7.91206],[112.58247,-7.90932],[112.58337,-7.90938],[112.58514,-7.90964],[112.58752,-7.91203],[112.5896,-7.91609],[112.5918,-7.91624],[112.59141,-7.91815],[112.59377,-7.91933],[112.5934,-7.92333],[112.59613,-7.92277],[112.59994,-7.92606],[112.59882,-7.93017],[112.59762,-7.93005],[112.59737,-7.93105],[112.599,-7.93634],[112.59697,-7.93789],[112.58988,-7.93619],[112.57385,-7.93538],[112.57065,-7.93599],[112.56895,-7.93895],[112.58047,-7.9437],[112.58195,-7.94524],[112.58105,-7.94976],[112.58852,-7.95046],[112.58788,-7.9525],[112.58944,-7.95292],[112.5891,-7.95416],[112.599,-7.95854],[112.59963,-7.9598],[112.59834,-7.96319]]]]}},{"type":"Feature","properties":{"kecamatan":"Karangploso","kab_kota":"Malang","kode_kec":"35.07.23"},"geometry":{"type":"MultiPolygon","coordinates":[[[[112.61114,-7.91991],[112.60995,-7.9224],[112.6131,-7.92522],[112.60147,-7.92114],[112.6011,-7.92385],[112.5999,-7.92394],[112.60009,-7.92249],[112.59909,-7.92196],[112.59727,-7.92288],[112.59626,-7.92034],[112.59297,-7.91764],[112.59152,-7.9178],[112.59147,-7.91592],[112.5896,-7.91609],[112.58752,-7.91203],[112.5843,-7.90947],[112.58603,-7.90764],[112.58732,-7.90848],[112.5894,-7.90669],[112.59161,-7.90818],[112.59501,-7.90601],[112.59574,-7.9034],[112.5926,-7.8986],[112.58334,-7.88847],[112.58121,-7.88836],[112.57994,-7.88684],[112.57569,-7.88671],[112.57247,-7.88918],[112.56656,-7.88106],[112.56518,-7.88163],[112.56435,-7.87948],[112.56532,-7.87515],[112.5647,-7.86924],[112.56563,-7.86819],[112.56473,-7.86069],[112.56586,-7.85827],[112.56485,-7.85701],[112.56563,-7.85523],[112.56477,-7.85288],[112.56547,-7.85098],[112.56789,-7.85033],[112.5692,-7.84656],[112.56921,-7.83786],[112.57163,-7.82826],[112.57331,-7.82632],[112.57192,-7.82498],[112.57167,-7.81714],[112.57785,-7.80798],[112.57849,-7.80476],[112.57767,-7.79952],[112.58037,-7.78819],[112.58467,-7.78072],[112.5947,-7.79181],[112.59332,-7.80133],[112.59529,-7.80844],[112.60009,-7.8149],[112.60191,-7.82096],[112.60128,-7.82269],[112.60417,-7.8253],[112.60768,-7.83385],[112.60889,-7.84094],[112.60978,-7.84105],[112.6112,-7.84484],[112.61429,-7.8474],[112.61674,-7.85698],[112.61974,-7.86015],[112.62064,-7.86348],[112.61995,-7.87098],[112.62207,-7.87904],[112.62404,-7.88148],[112.6243,-7.88547],[112.62756,-7.88983],[112.6298,-7.90242],[112.63358,-7.90749],[112.63219,-7.9096],[112.62984,-7.90927],[112.63021,-7.91085],[112.62453,-7.91125],[112.62558,-7.91264],[112.62471,-7.91368],[112.62146,-7.91689],[112.61847,-7.91711],[112.61736,-7.9193],[112.61015,-7.91769],[112.61114,-7.91991]]]]}},{"type":"Feature","properties":{"kecamatan":"Kromengan","kab_kota":"Malang","kode_kec":"35.07.31"},"geometry":{"type":"MultiPolygon","coordinates":[[[[112.53908,-8.15133],[112.5406,-8.15225],[112.54157,-8.15612],[112.53746,-8.15489],[112.53714,-8.15583],[112.53326,-8.15652],[112.53179,-8.15309],[112.52511,-8.15205],[112.52314,-8.14858],[112.51525,-8.14588],[112.51569,-8.14399],[112.51115,-8.14192],[112.5105,-8.14346],[112.5068,-8.1411],[112.50699,-8.14334],[112.5058,-8.14188],[112.5049,-8.14328],[112.50611,-8.14678],[112.50366,-8.14538],[112.50361,-8.14718],[112.49923,-8.14914],[112.49654,-8.14607],[112.49066,-8.14877],[112.48951,-8.14704],[112.48535,-8.14753],[112.48266,-8.14412],[112.47577,-8.14465],[112.47403,-8.14316],[112.46994,-8.14354],[112.46448,-8.14084],[112.46197,-8.13667],[112.45875,-8.14464],[112.45702,-8.14655],[112.4543,-8.14681],[112.45302,-8.14458],[112.45361,-8.14203],[112.45462,-8.14173],[112.45346,-8.13355],[112.45521,-8.13218],[112.45682,-8.12631],[112.45777,-8.12647],[112.45674,-8.12288],[112.45842,-8.11799],[112.45794,-8.116],[112.45916,-8.11494],[112.45785,-8.11388],[112.45759,-8.10954],[112.45595,-8.11001],[112.45427,-8.10671],[112.45381,-8.1034],[112.45476,-8.102],[112.45365,-8.10033],[112.45457,-8.09975],[112.45317,-8.09761],[112.45487,-8.09397],[112.4541,-8.08788],[112.45679,-8.08101],[112.45533,-8.07841],[112.45691,-8.07774],[112.45577,-8.07661],[112.45704,-8.07621],[112.45661,-8.07279],[112.45814,-8.07082],[112.45724,-8.07062],[112.45872,-8.06707],[112.46348,-8.06772],[112.46252,-8.07026],[112.4626,-8.07759],[112.4635,-8.07847],[112.46582,-8.07666],[112.4671,-8.07712],[112.46595,-8.07988],[112.46726,-8.07965],[112.46697,-8.08748],[112.46577,-8.0898],[112.46798,-8.09077],[112.46909,-8.09316],[112.46867,-8.09512],[112.47434,-8.09456],[112.47639,-8.09177],[112.47929,-8.09274],[112.47925,-8.09492],[112.48279,-8.09495],[112.48305,-8.09244],[112.48427,-8.09235],[112.48492,-8.09306],[112.48354,-8.09526],[112.48756,-8.09627],[112.49129,-8.0953],[112.4914,-8.09361],[112.49478,-8.10256],[112.49484,-8.10529],[112.49599,-8.10524],[112.49651,-8.10702],[112.49515,-8.11151],[112.49602,-8.11475],[112.49929,-8.11687],[112.49799,-8.11946],[112.49893,-8.12685],[112.50324,-8.12669],[112.50408,-8.12407],[112.5027,-8.1214],[112.50495,-8.11936],[112.50513,-8.12126],[112.5067,-8.1213],[112.50619,-8.12535],[112.50984,-8.12665],[112.51035,-8.12517],[112.51313,-8.12414],[112.51237,-8.12228],[112.51962,-8.12096],[112.52391,-8.12491],[112.52498,-8.12942],[112.52904,-8.12679],[112.52965,-8.12528],[112.53159,-8.12643],[112.53533,-8.12424],[112.53904,-8.11965],[112.54105,-8.12178],[112.54088,-8.12323],[112.54427,-8.12511],[112.54681,-8.12424],[112.54876,-8.12552],[112.54849,-8.12792],[112.54956,-8.12811],[112.54966,-8.12955],[112.54704,-8.1328],[112.54688,-8.13704],[112.54526,-8.13993],[112.54409,-8.1396],[112.53938,-8.1439],[112.54008,-8.14544],[112.53882,-8.14611],[112.53819,-8.14879],[112.53908,-8.15133]]]]}},{"type":"Feature","properties":{"kecamatan":"Wonosari","kab_kota":"Malang","kode_kec":"35.07.32"},"geometry":{"type":"MultiPolygon","coordinates":[[[[112.52645,-8.10414],[112.52764,-8.11153],[112.53015,-8.1151],[112.5303,-8.12189],[112.52904,-8.12679],[112.52431,-8.12928],[112.52391,-8.12491],[112.52096,-8.12175],[112.5182,-8.12053],[112.51237,-8.12228],[112.51313,-8.12414],[112.51035,-8.12517],[112.50984,-8.12665],[112.50804,-8.12625],[112.5061,-8.12515],[112.5067,-8.1213],[112.50513,-8.12126],[112.50495,-8.11936],[112.5027,-8.1214],[112.50408,-8.12407],[112.50324,-8.12669],[112.49893,-8.12685],[112.49799,-8.11946],[112.49929,-8.11687],[112.49602,-8.11475],[112.49515,-8.11151],[112.49651,-8.10702],[112.49599,-8.10524],[112.49484,-8.10529],[112.49478,-8.10256],[112.4914,-8.09361],[112.49129,-8.0953],[112.48756,-8.09627],[112.48354,-8.09526],[112.48492,-8.09306],[112.48427,-8.09235],[112.48305,-8.09244],[112.48279,-8.09495],[112.47925,-8.09492],[112.47929,-8.09274],[112.47639,-8.09177],[112.47434,-8.09456],[112.46867,-8.09512],[112.46909,-8.09316],[112.46798,-8.09077],[112.46577,-8.0898],[112.46697,-8.08748],[112.46726,-8.07965],[112.46595,-8.07988],[112.4671,-8.07712],[112.46582,-8.07666],[112.4635,-8.07847],[112.46227,-8.07654],[112.46348,-8.06772],[112.45962,-8.06673],[112.45782,-8.06841],[112.4557,-8.06617],[112.45539,-8.06369],[112.45422,-8.06374],[112.45512,-8.0593],[112.45343,-8.05695],[112.45546,-8.05626],[112.45691,-8.0511],[112.45595,-8.04998],[112.45798,-8.04472],[112.46172,-8.03976],[112.46577,-8.03102],[112.4664,-8.0249],[112.4745,-8.0138],[112.47297,-8.00293],[112.46838,-7.99942],[112.47188,-7.98323],[112.47615,-7.97729],[112.47735,-7.97309],[112.47695,-7.98276],[112.47788,-7.98756],[112.4796,-7.99011],[112.48051,-8.00509],[112.48659,-8.01351],[112.48716,-8.01696],[112.49388,-8.02283],[112.49505,-8.0272],[112.49641,-8.02848],[112.49733,-8.02791],[112.4984,-8.02894],[112.4989,-8.02694],[112.50097,-8.03033],[112.50669,-8.02879],[112.50949,-8.03057],[112.51209,-8.038],[112.51136,-8.04172],[112.51404,-8.04505],[112.51421,-8.05238],[112.51866,-8.05992],[112.52,-8.06753],[112.52467,-8.07245],[112.52845,-8.08157],[112.53142,-8.08367],[112.53081,-8.08653],[112.53325,-8.09374],[112.53593,-8.09533],[112.5349,-8.10213],[112.52936,-8.10246],[112.52776,-8.1013],[112.52645,-8.10414]]]]}},{"type":"Feature","properties":{"kecamatan":"Tirtoyudo","kab_kota":"Malang","kode_kec":"35.07.30"},"geometry":{"type":"MultiPolygon","coordinates":[[[[112.81006,-8.40228],[112.81002,-8.4022],[112.81001,-8.40213],[112.81004,-8.40203],[112.81009,-8.40195],[112.81019,-8.40187],[112.8103,-8.40188],[112.81041,-8.40191],[112.81049,-8.40193],[112.81052,-8.40202],[112.81057,-8.40208],[112.81064,-8.40226],[112.81064,-8.40246],[112.81057,-8.40256],[112.81044,-8.40257],[112.81035,-8.40263],[112.81025,-8.40268],[112.8101,-8.40266],[112.81007,-8.40261],[112.81007,-8.40255],[112.81011,-8.40244],[112.81012,-8.40234],[112.81006,-8.40228]]],[[[112.81265,-8.40179],[112.81261,-8.40183],[112.81253,-8.4018],[112.81248,-8.40175],[112.81247,-8.4017],[112.81249,-8.40164],[112.81253,-8.40164],[112.81258,-8.40166],[112.81263,-8.40173],[112.81265,-8.40179]]],[[[112.81598,-8.4001],[112.81597,-8.40005],[112.81604,-8.40006],[112.81609,-8.40011],[112.8161,-8.40023],[112.81612,-8.40028],[112.81617,-8.40034],[112.8162,-8.40043],[112.8162,-8.40054],[112.81608,-8.40056],[112.81597,-8.40055],[112.8159,-8.40046],[112.81589,-8.40039],[112.8159,-8.40033],[112.81591,-8.40028],[112.81597,-8.40022],[112.816,-8.40015],[112.81598,-8.4001]]],[[[112.80936,-8.40009],[112.80955,-8.39991],[112.80964,-8.39986],[112.8097,-8.39997],[112.80967,-8.40011],[112.80949,-8.40028],[112.8093,-8.40038],[112.80936,-8.40009]]],[[[112.81773,-8.39525],[112.81775,-8.3952],[112.8178,-8.39519],[112.81787,-8.39521],[112.81788,-8.39532],[112.8179,-8.3954],[112.81798,-8.39543],[112.81812,-8.3955],[112.81818,-8.39561],[112.8182,-8.39578],[112.81817,-8.39599],[112.81809,-8.39598],[112.81799,-8.39588],[112.81793,-8.39571],[112.81787,-8.3956],[112.81781,-8.39552],[112.81775,-8.39543],[112.81772,-8.39533],[112.81773,-8.39525]]],[[[112.82524,-8.37298],[112.8254,-8.37292],[112.82554,-8.3729],[112.82566,-8.37292],[112.82568,-8.37304],[112.82564,-8.37313],[112.82551,-8.37326],[112.8254,-8.37334],[112.82532,-8.37338],[112.82523,-8.3734],[112.82513,-8.37339],[112.82507,-8.37337],[112.825,-8.37327],[112.82496,-8.37318],[112.82497,-8.37313],[112.82504,-8.37309],[112.82514,-8.37306],[112.82524,-8.37298]]],[[[112.8268,-8.37282],[112.82683,-8.37285],[112.82681,-8.37288],[112.82673,-8.37294],[112.82669,-8.37297],[112.82663,-8.37302],[112.82653,-8.37306],[112.82645,-8.37305],[112.82641,-8.37299],[112.82642,-8.37292],[112.82646,-8.37287],[112.82658,-8.37283],[112.82665,-8.37281],[112.82671,-8.37281],[112.8268,-8.37282]]],[[[112.85169,-8.27432],[112.86014,-8.27576],[112.86324,-8.27759],[112.86897,-8.27654],[112.86909,-8.28043],[112.87166,-8.28114],[112.8728,-8.28274],[112.87622,-8.28407],[112.88082,-8.2821],[112.88466,-8.28432],[112.88576,-8.28602],[112.88242,-8.29222],[112.88469,-8.29747],[112.88191,-8.30037],[112.8781,-8.30768],[112.88037,-8.31238],[112.87827,-8.3217],[112.87858,-8.32473],[112.88653,-8.33728],[112.89932,-8.34556],[112.92149,-8.3563],[112.92454,-8.36953],[112.92383,-8.37478],[112.92641,-8.37881],[112.93056,-8.38223],[112.93223,-8.38817],[112.93135,-8.38854],[112.92888,-8.38505],[112.92895,-8.38795],[112.92789,-8.38856],[112.92896,-8.39035],[112.92773,-8.39053],[112.92623,-8.38825],[112.92471,-8.38818],[112.92382,-8.38976],[112.92237,-8.38885],[112.92222,-8.39228],[112.92032,-8.39193],[112.91781,-8.39361],[112.91481,-8.3938],[112.91571,-8.39785],[112.91453,-8.39738],[112.91469,-8.39832],[112.91125,-8.39913],[112.91097,-8.39641],[112.91225,-8.39548],[112.91103,-8.39394],[112.91137,-8.39264],[112.90551,-8.39308],[112.90564,-8.38765],[112.90812,-8.38501],[112.90731,-8.38289],[112.90491,-8.38094],[112.89813,-8.38083],[112.89598,-8.38181],[112.8961,-8.38522],[112.89323,-8.38708],[112.8927,-8.38887],[112.89425,-8.39231],[112.89936,-8.39712],[112.89827,-8.40207],[112.89665,-8.40083],[112.89625,-8.40203],[112.89474,-8.40224],[112.88501,-8.40217],[112.88521,-8.40368],[112.88373,-8.40297],[112.8836,-8.40476],[112.8813,-8.40614],[112.87908,-8.40558],[112.8793,-8.40666],[112.87686,-8.40882],[112.87634,-8.40683],[112.87174,-8.40845],[112.8716,-8.40518],[112.86937,-8.40737],[112.86813,-8.40623],[112.8676,-8.4032],[112.8695,-8.40192],[112.86838,-8.40184],[112.8682,-8.40071],[112.86697,-8.40105],[112.86573,-8.39642],[112.86381,-8.39599],[112.86321,-8.39422],[112.85828,-8.40205],[112.85907,-8.39931],[112.85726,-8.40082],[112.85665,-8.4002],[112.85699,-8.40185],[112.85602,-8.40255],[112.85422,-8.39977],[112.85357,-8.40145],[112.85149,-8.40174],[112.85147,-8.40335],[112.85001,-8.40332],[112.84745,-8.40544],[112.84568,-8.40138],[112.84461,-8.40213],[112.8438,-8.40043],[112.84822,-8.39343],[112.85144,-8.39142],[112.85099,-8.3882],[112.84607,-8.38788],[112.8482,-8.37761],[112.84463,-8.3764],[112.84358,-8.37936],[112.84246,-8.37968],[112.84203,-8.38305],[112.83942,-8.38583],[112.8402,-8.38315],[112.83937,-8.38151],[112.83843,-8.38248],[112.83795,-8.38173],[112.83756,-8.37886],[112.83886,-8.378],[112.83729,-8.37461],[112.83882,-8.3723],[112.83334,-8.3686],[112.82969,-8.36936],[112.82649,-8.37257],[112.82436,-8.37178],[112.82009,-8.37296],[112.8199,-8.37796],[112.82103,-8.37893],[112.81911,-8.37789],[112.81824,-8.37956],[112.81703,-8.37964],[112.81735,-8.38204],[112.81593,-8.38309],[112.81791,-8.38436],[112.81553,-8.38676],[112.81602,-8.3882],[112.819,-8.39008],[112.81915,-8.3919],[112.81672,-8.39474],[112.81534,-8.39867],[112.81226,-8.40041],[112.81262,-8.40138],[112.81104,-8.40142],[112.81086,-8.39967],[112.80928,-8.3987],[112.80943,-8.3965],[112.80851,-8.39809],[112.80538,-8.3571],[112.79985,-8.33483],[112.81068,-8.33172],[112.8117,-8.33299],[112.81137,-8.33671],[112.81383,-8.33834],[112.82101,-8.33325],[112.83517,-8.33218],[112.8403,-8.33316],[112.84239,-8.32819],[112.84004,-8.32538],[112.84228,-8.32198],[112.8425,-8.3152],[112.84205,-8.31124],[112.84061,-8.31108],[112.83932,-8.30921],[112.83584,-8.30885],[112.83456,-8.30633],[112.81881,-8.30635],[112.81307,-8.30525],[112.8141,-8.29406],[112.81148,-8.29286],[112.80874,-8.28593],[112.81076,-8.28168],[112.8101,-8.27913],[112.81187,-8.27873],[112.81326,-8.27597],[112.81177,-8.27269],[112.80928,-8.27049],[112.8093,-8.26831],[112.81021,-8.26807],[112.8092,-8.26547],[112.81061,-8.26488],[112.80621,-8.25938],[112.80812,-8.25343],[112.8066,-8.25141],[112.80573,-8.24488],[112.8068,-8.24431],[112.80516,-8.24214],[112.8036,-8.22839],[112.80186,-8.22888],[112.80002,-8.22766],[112.79936,-8.22871],[112.79342,-8.22625],[112.79206,-8.2272],[112.79155,-8.22547],[112.78909,-8.22551],[112.78868,-8.22418],[112.78686,-8.22625],[112.7864,-8.22469],[112.78418,-8.2246],[112.78588,-8.22296],[112.78599,-8.21996],[112.78731,-8.22142],[112.78928,-8.22085],[112.78923,-8.21795],[112.79041,-8.21895],[112.79013,-8.22077],[112.79221,-8.22065],[112.79322,-8.21329],[112.79511,-8.21219],[112.79758,-8.20721],[112.79976,-8.20584],[112.80072,-8.20196],[112.80236,-8.20121],[112.80039,-8.20061],[112.8015,-8.18702],[112.79553,-8.19069],[112.78875,-8.18497],[112.79294,-8.18139],[112.79357,-8.17795],[112.79266,-8.17624],[112.80049,-8.17297],[112.80064,-8.17184],[112.795,-8.17019],[112.79676,-8.16919],[112.80053,-8.16187],[112.81073,-8.15903],[112.81804,-8.15401],[112.81952,-8.1508],[112.82446,-8.15017],[112.82639,-8.14801],[112.82906,-8.14763],[112.82911,-8.14589],[112.83169,-8.14581],[112.83373,-8.14257],[112.83782,-8.1426],[112.84307,-8.1366],[112.8424,-8.13545],[112.84373,-8.1328],[112.84718,-8.13023],[112.84835,-8.13131],[112.85021,-8.12963],[112.85286,-8.12955],[112.85511,-8.13065],[112.85066,-8.13625],[112.85059,-8.14008],[112.8563,-8.13969],[112.86052,-8.137],[112.86304,-8.13877],[112.86095,-8.1439],[112.86184,-8.15374],[112.85986,-8.15525],[112.85715,-8.16507],[112.85688,-8.16763],[112.8589,-8.17365],[112.85706,-8.17823],[112.85788,-8.17889],[112.85496,-8.17947],[112.85036,-8.18249],[112.85232,-8.18256],[112.84944,-8.18984],[112.85026,-8.19142],[112.84649,-8.19792],[112.84729,-8.20126],[112.8451,-8.20264],[112.84702,-8.20424],[112.84716,-8.20581],[112.83812,-8.22127],[112.83981,-8.22429],[112.84924,-8.22183],[112.85115,-8.22264],[112.85071,-8.23281],[112.84682,-8.23582],[112.84845,-8.23928],[112.84803,-8.24069],[112.85097,-8.2437],[112.84988,-8.24893],[112.84789,-8.25105],[112.84863,-8.25816],[112.84678,-8.26297],[112.84675,-8.27298],[112.85169,-8.27432]]],[[[112.8484,-8.40757],[112.84838,-8.40762],[112.84836,-8.40766],[112.84831,-8.40763],[112.84828,-8.40761],[112.84827,-8.4076],[112.84819,-8.40754],[112.84818,-8.40753],[112.84814,-8.40747],[112.84812,-8.40736],[112.84808,-8.40722],[112.84806,-8.40707],[112.848,-8.40695],[112.84797,-8.40693],[112.84791,-8.40693],[112.84784,-8.40695],[112.84774,-8.40697],[112.84773,-8.40697],[112.84769,-8.40693],[112.84768,-8.40691],[112.84768,-8.40687],[112.84769,-8.40683],[112.84769,-8.40677],[112.8477,-8.4067],[112.84778,-8.40655],[112.84786,-8.40645],[112.84791,-8.40637],[112.84796,-8.40626],[112.84802,-8.40626],[112.8481,-8.40639],[112.84826,-8.40648],[112.84834,-8.40659],[112.8484,-8.4067],[112.84843,-8.40682],[112.84845,-8.40697],[112.84847,-8.40702],[112.84849,-8.40717],[112.84847,-8.40728],[112.84842,-8.40734],[112.84839,-8.40739],[112.84838,-8.40749],[112.8484,-8.40757]]],[[[112.92613,-8.38911],[112.92627,-8.38906],[112.92647,-8.38907],[112.92658,-8.38914],[112.92666,-8.38932],[112.92669,-8.38936],[112.92681,-8.38963],[112.92692,-8.38987],[112.92693,-8.38992],[112.92694,-8.39041],[112.92686,-8.39055],[112.92675,-8.39061],[112.92654,-8.39062],[112.92629,-8.39056],[112.92621,-8.39047],[112.92616,-8.39024],[112.92611,-8.38976],[112.92613,-8.38911]]],[[[112.8361,-8.38351],[112.83609,-8.38344],[112.83609,-8.38336],[112.83612,-8.38324],[112.83623,-8.38312],[112.83633,-8.38303],[112.83641,-8.38301],[112.83646,-8.38307],[112.83645,-8.38313],[112.8364,-8.3832],[112.8363,-8.38326],[112.83624,-8.38335],[112.83623,-8.38352],[112.83622,-8.38369],[112.83627,-8.38391],[112.83616,-8.38412],[112.83608,-8.3841],[112.8361,-8.38396],[112.83601,-8.38388],[112.83599,-8.38384],[112.83599,-8.38378],[112.83604,-8.38364],[112.8361,-8.38355],[112.8361,-8.38351]]],[[[112.83858,-8.38312],[112.83856,-8.38322],[112.83851,-8.3833],[112.83844,-8.38338],[112.83839,-8.38344],[112.8383,-8.38345],[112.8383,-8.38337],[112.83831,-8.38324],[112.83833,-8.38312],[112.83836,-8.38304],[112.83842,-8.38296],[112.83849,-8.38291],[112.83858,-8.38295],[112.83858,-8.38312]]],[[[112.83668,-8.38271],[112.83668,-8.38278],[112.83666,-8.38281],[112.83662,-8.38289],[112.83653,-8.38285],[112.83647,-8.38277],[112.83644,-8.38271],[112.83644,-8.38266],[112.83646,-8.38262],[112.83655,-8.3826],[112.83662,-8.38262],[112.83668,-8.38271]]],[[[112.83712,-8.38228],[112.83729,-8.38229],[112.83738,-8.38235],[112.83744,-8.3825],[112.83744,-8.38259],[112.83743,-8.38266],[112.83742,-8.38272],[112.83738,-8.38273],[112.83733,-8.3827],[112.83727,-8.38263],[112.83722,-8.38253],[112.83717,-8.38248],[112.83708,-8.38243],[112.83706,-8.3824],[112.83707,-8.38232],[112.83712,-8.38228]]],[[[112.83751,-8.38196],[112.83755,-8.38192],[112.83761,-8.38191],[112.83766,-8.38191],[112.83776,-8.38195],[112.83785,-8.38204],[112.8379,-8.38211],[112.83793,-8.38222],[112.83795,-8.38232],[112.83795,-8.38242],[112.8379,-8.38249],[112.83786,-8.38254],[112.83781,-8.38258],[112.83775,-8.38259],[112.83773,-8.38252],[112.83774,-8.38244],[112.83776,-8.38228],[112.83773,-8.38219],[112.83766,-8.38214],[112.83756,-8.3821],[112.83752,-8.38203],[112.83751,-8.38196]]],[[[112.83644,-8.37532],[112.83644,-8.37526],[112.8365,-8.37517],[112.83655,-8.37508],[112.8366,-8.37497],[112.83664,-8.37487],[112.83668,-8.37476],[112.83675,-8.3746],[112.83679,-8.37449],[112.83682,-8.3744],[112.83688,-8.37439],[112.83695,-8.37441],[112.83702,-8.37447],[112.83707,-8.37469],[112.83714,-8.37481],[112.83709,-8.37505],[112.837,-8.37516],[112.83692,-8.37521],[112.83685,-8.37522],[112.8368,-8.37518],[112.83675,-8.37516],[112.83666,-8.37523],[112.83656,-8.37535],[112.83649,-8.37536],[112.83644,-8.37532]]]]}},{"type":"Feature","properties":{"kecamatan":"Pagelaran","kab_kota":"Malang","kode_kec":"35.07.33"},"geometry":{"type":"MultiPolygon","coordinates":[[[[112.6407,-8.23164],[112.63911,-8.23781],[112.63598,-8.23741],[112.6365,-8.24004],[112.63375,-8.23861],[112.63229,-8.24016],[112.63126,-8.23887],[112.62984,-8.23979],[112.62809,-8.23884],[112.62616,-8.24051],[112.61697,-8.23688],[112.61383,-8.23388],[112.61078,-8.23407],[112.60963,-8.23177],[112.6054,-8.23073],[112.60476,-8.22811],[112.60186,-8.22697],[112.60036,-8.22209],[112.59742,-8.22194],[112.59634,-8.21936],[112.58868,-8.21615],[112.58697,-8.21411],[112.58345,-8.2138],[112.57995,-8.21016],[112.57743,-8.21076],[112.57386,-8.20659],[112.5725,-8.20316],[112.56323,-8.19967],[112.56073,-8.19464],[112.5568,-8.19373],[112.55773,-8.19083],[112.55441,-8.18755],[112.55395,-8.18396],[112.55125,-8.18503],[112.55214,-8.1828],[112.55393,-8.18051],[112.55716,-8.18149],[112.55869,-8.17894],[112.56107,-8.17913],[112.562,-8.17561],[112.56531,-8.17478],[112.56953,-8.17641],[112.57139,-8.17392],[112.58185,-8.17058],[112.58504,-8.15987],[112.58798,-8.1606],[112.58913,-8.15431],[112.59412,-8.15584],[112.60198,-8.16148],[112.61223,-8.16625],[112.61078,-8.17147],[112.61217,-8.1721],[112.6117,-8.17365],[112.61349,-8.17496],[112.6118,-8.17621],[112.62536,-8.18045],[112.62497,-8.18135],[112.62869,-8.18287],[112.63321,-8.18286],[112.63324,-8.18428],[112.63679,-8.18697],[112.63164,-8.19216],[112.62561,-8.19443],[112.62669,-8.19554],[112.62596,-8.19657],[112.64261,-8.20478],[112.6439,-8.20271],[112.64687,-8.20242],[112.65003,-8.20359],[112.64914,-8.20548],[112.65032,-8.20624],[112.64836,-8.20644],[112.64454,-8.21391],[112.64789,-8.21686],[112.6407,-8.23164]]]]}},{"type":"Feature","properties":{"kecamatan":"Ampelgading","kab_kota":"Malang","kode_kec":"35.07.06"},"geometry":{"type":"MultiPolygon","coordinates":[[[[112.8856,-8.28586],[112.88082,-8.2821],[112.87622,-8.28407],[112.87258,-8.28263],[112.87166,-8.28114],[112.86909,-8.28043],[112.86897,-8.27654],[112.86324,-8.27759],[112.86014,-8.27576],[112.84677,-8.27316],[112.84678,-8.26297],[112.84863,-8.25816],[112.84789,-8.25105],[112.84988,-8.24893],[112.85097,-8.2437],[112.84803,-8.24069],[112.84845,-8.23928],[112.84682,-8.23582],[112.85071,-8.23281],[112.85115,-8.22264],[112.84924,-8.22183],[112.83981,-8.22429],[112.83812,-8.22127],[112.84716,-8.20581],[112.84702,-8.20424],[112.8451,-8.20264],[112.84729,-8.20126],[112.84649,-8.19792],[112.85026,-8.19142],[112.84944,-8.18984],[112.85232,-8.18256],[112.85036,-8.18249],[112.85496,-8.17947],[112.85788,-8.17889],[112.85706,-8.17823],[112.8589,-8.17365],[112.85688,-8.16763],[112.85715,-8.16507],[112.85986,-8.15525],[112.86184,-8.15374],[112.86095,-8.1439],[112.86305,-8.13903],[112.86052,-8.137],[112.85807,-8.13901],[112.85128,-8.1406],[112.85044,-8.13992],[112.8506,-8.13638],[112.85503,-8.13042],[112.85037,-8.1296],[112.84835,-8.13131],[112.84718,-8.13023],[112.85045,-8.12401],[112.85565,-8.11838],[112.85672,-8.11327],[112.86413,-8.11082],[112.86608,-8.1078],[112.87003,-8.11084],[112.87421,-8.11191],[112.87655,-8.11067],[112.88775,-8.10889],[112.89453,-8.10977],[112.91242,-8.10941],[112.92348,-8.108],[112.92381,-8.10968],[112.92594,-8.11044],[112.92662,-8.11477],[112.92482,-8.11542],[112.9204,-8.12173],[112.92018,-8.13969],[112.91515,-8.15124],[112.91578,-8.15846],[112.9117,-8.16345],[112.91144,-8.16532],[112.91299,-8.16634],[112.90879,-8.179],[112.90967,-8.18041],[112.90904,-8.18292],[112.9059,-8.18661],[112.9062,-8.18901],[112.90421,-8.19221],[112.90703,-8.19672],[112.90578,-8.19802],[112.90605,-8.2001],[112.90908,-8.20096],[112.90987,-8.20493],[112.91279,-8.20838],[112.91207,-8.21085],[112.91393,-8.21393],[112.91266,-8.21969],[112.91671,-8.22215],[112.91547,-8.22709],[112.91723,-8.23022],[112.91717,-8.23257],[112.9227,-8.23971],[112.92127,-8.24233],[112.92221,-8.24294],[112.92227,-8.24544],[112.92016,-8.24534],[112.92013,-8.2501],[112.91778,-8.25438],[112.9174,-8.26017],[112.91389,-8.26243],[112.91262,-8.26476],[112.91188,-8.27051],[112.91455,-8.27765],[112.91375,-8.28158],[112.92204,-8.29222],[112.92392,-8.2979],[112.92358,-8.29987],[112.92637,-8.30409],[112.92957,-8.30744],[112.93742,-8.31051],[112.94117,-8.31561],[112.9407,-8.31861],[112.93635,-8.32331],[112.93797,-8.33027],[112.93744,-8.33448],[112.93858,-8.33818],[112.94678,-8.34248],[112.94779,-8.34404],[112.94793,-8.34667],[112.94586,-8.3512],[112.94643,-8.35392],[112.9491,-8.35587],[112.94663,-8.36019],[112.94698,-8.36374],[112.94803,-8.36353],[112.94547,-8.3641],[112.94576,-8.36652],[112.94442,-8.36816],[112.94539,-8.36886],[112.94495,-8.37023],[112.94263,-8.37148],[112.94166,-8.37061],[112.93966,-8.3722],[112.94014,-8.37397],[112.94329,-8.37443],[112.93922,-8.37569],[112.9392,-8.37946],[112.93797,-8.37969],[112.93777,-8.38165],[112.93601,-8.38209],[112.93549,-8.3806],[112.93491,-8.38304],[112.93296,-8.38033],[112.93056,-8.38223],[112.92641,-8.37881],[112.92383,-8.37478],[112.92454,-8.36953],[112.92149,-8.3563],[112.89932,-8.34556],[112.88652,-8.33727],[112.87858,-8.32473],[112.87823,-8.32262],[112.88037,-8.31272],[112.87829,-8.30659],[112.88469,-8.29747],[112.88242,-8.29222],[112.8856,-8.28586]]],[[[112.93299,-8.38364],[112.93182,-8.38257],[112.93271,-8.38218],[112.93299,-8.38364]]],[[[112.94594,-8.36645],[112.9469,-8.36631],[112.9464,-8.36714],[112.94594,-8.36645]]],[[[112.94754,-8.36562],[112.9476,-8.36569],[112.94772,-8.36581],[112.94772,-8.36582],[112.94772,-8.36586],[112.94771,-8.3659],[112.9477,-8.36594],[112.94765,-8.36595],[112.94755,-8.36594],[112.94751,-8.36591],[112.94734,-8.36578],[112.94729,-8.3657],[112.94731,-8.36562],[112.94739,-8.36555],[112.94751,-8.36547],[112.94756,-8.36548],[112.94769,-8.36547],[112.94774,-8.36548],[112.94775,-8.36552],[112.9477,-8.36562],[112.94762,-8.36558],[112.94757,-8.36558],[112.94754,-8.36559],[112.94754,-8.36562]]],[[[112.94804,-8.36263],[112.9481,-8.36268],[112.94812,-8.36276],[112.94804,-8.36287],[112.94801,-8.36298],[112.94791,-8.36301],[112.94782,-8.36294],[112.9478,-8.36282],[112.94787,-8.36272],[112.94795,-8.36264],[112.94804,-8.36263]]],[[[112.94985,-8.36067],[112.94988,-8.36069],[112.94991,-8.36073],[112.94995,-8.36076],[112.94996,-8.36079],[112.94997,-8.36083],[112.94993,-8.36087],[112.94991,-8.36087],[112.94985,-8.36085],[112.9498,-8.36081],[112.94979,-8.36076],[112.94979,-8.36071],[112.94982,-8.36067],[112.94985,-8.36067]]]]}},{"type":"Feature","properties":{"kecamatan":"Poncokusumo","kab_kota":"Malang","kode_kec":"35.07.07"},"geometry":{"type":"MultiPolygon","coordinates":[[[[112.77254,-8.11173],[112.7691,-8.11082],[112.76869,-8.10916],[112.7661,-8.10842],[112.76549,-8.10701],[112.76334,-8.10785],[112.76449,-8.10624],[112.76234,-8.10559],[112.7622,-8.10442],[112.75927,-8.10479],[112.75942,-8.10241],[112.76084,-8.10074],[112.75975,-8.09855],[112.76029,-8.09706],[112.75877,-8.09692],[112.75904,-8.09524],[112.75663,-8.09452],[112.75686,-8.09354],[112.75432,-8.09385],[112.75374,-8.09274],[112.75167,-8.0931],[112.74333,-8.09047],[112.74228,-8.08924],[112.74307,-8.08739],[112.74055,-8.08586],[112.74229,-8.0818],[112.73812,-8.0802],[112.73783,-8.08113],[112.73425,-8.08073],[112.73458,-8.07958],[112.73265,-8.07834],[112.73114,-8.07175],[112.72582,-8.06648],[112.7253,-8.06333],[112.7223,-8.06078],[112.72232,-8.05347],[112.71748,-8.04932],[112.71372,-8.048],[112.71391,-8.04724],[112.7021,-8.03834],[112.70276,-8.03667],[112.70553,-8.03592],[112.7053,-8.03485],[112.70768,-8.03373],[112.70683,-8.03297],[112.70954,-8.03093],[112.72185,-8.0312],[112.72049,-8.02893],[112.72091,-8.02588],[112.72468,-8.02589],[112.7266,-8.02238],[112.73199,-8.02565],[112.73528,-8.02618],[112.73544,-8.02735],[112.73804,-8.02794],[112.73919,-8.02953],[112.74156,-8.02728],[112.74427,-8.0279],[112.74898,-8.03119],[112.75008,-8.03338],[112.75342,-8.03302],[112.75495,-8.0342],[112.75539,-8.03255],[112.75445,-8.0314],[112.75556,-8.03158],[112.75637,-8.02845],[112.75244,-8.02718],[112.75696,-8.02037],[112.75729,-8.0221],[112.75893,-8.02316],[112.76535,-8.02544],[112.76764,-8.02392],[112.77378,-8.02734],[112.77504,-8.02675],[112.77436,-8.02539],[112.77723,-8.02648],[112.77808,-8.02588],[112.7795,-8.02643],[112.77971,-8.02822],[112.78536,-8.02926],[112.78525,-8.03071],[112.78706,-8.03024],[112.78693,-8.02875],[112.78828,-8.02901],[112.78907,-8.02761],[112.79086,-8.02943],[112.79656,-8.02771],[112.79784,-8.02607],[112.80145,-8.02793],[112.80769,-8.02599],[112.82021,-8.02603],[112.82887,-8.02324],[112.83268,-8.02095],[112.83324,-8.01891],[112.84188,-8.01559],[112.84027,-8.01241],[112.84114,-8.01094],[112.84009,-8.00958],[112.84082,-8.00692],[112.83956,-8.00531],[112.83784,-8.00537],[112.83774,-8.00265],[112.83531,-8.00185],[112.83573,-8.00073],[112.8381,-8.00061],[112.83929,-7.9992],[112.84622,-7.98487],[112.84817,-7.98285],[112.84936,-7.9834],[112.85004,-7.98108],[112.85181,-7.98077],[112.85225,-7.97927],[112.85526,-7.9789],[112.85493,-7.97799],[112.85687,-7.97632],[112.85642,-7.97502],[112.85801,-7.97455],[112.85806,-7.97268],[112.85986,-7.97277],[112.86107,-7.96757],[112.86582,-7.96262],[112.87188,-7.94825],[112.87414,-7.94554],[112.88112,-7.94734],[112.88498,-7.95235],[112.88933,-7.94982],[112.89367,-7.94926],[112.89736,-7.94678],[112.90392,-7.94698],[112.90395,-7.94941],[112.90646,-7.95271],[112.91083,-7.95414],[112.91285,-7.95673],[112.91539,-7.95135],[112.92058,-7.95471],[112.93521,-7.95601],[112.93204,-7.95856],[112.92706,-7.9605],[112.92614,-7.96648],[112.93465,-7.97318],[112.94512,-7.97514],[112.94566,-7.97974],[112.94073,-7.98194],[112.94237,-7.98701],[112.93889,-7.99451],[112.93864,-7.99915],[112.9366,-7.99863],[112.93276,-8.00066],[112.93028,-7.99869],[112.92787,-8.00037],[112.92513,-8.00055],[112.93101,-8.00568],[112.93069,-8.01226],[112.93341,-8.01253],[112.93375,-8.01384],[112.92771,-8.01872],[112.92256,-8.032],[112.9189,-8.03139],[112.91562,-8.03234],[112.91357,-8.03661],[112.91055,-8.03863],[112.91016,-8.04086],[112.90818,-8.04232],[112.90809,-8.04879],[112.90908,-8.05172],[112.90279,-8.0565],[112.90013,-8.06186],[112.90164,-8.07306],[112.90313,-8.07422],[112.90539,-8.08089],[112.90908,-8.08228],[112.91342,-8.08073],[112.91625,-8.08698],[112.92034,-8.08786],[112.92195,-8.10787],[112.91316,-8.10939],[112.89453,-8.10977],[112.88775,-8.10889],[112.87269,-8.11179],[112.86608,-8.1078],[112.85699,-8.1042],[112.85185,-8.10337],[112.83774,-8.09659],[112.83375,-8.09614],[112.82078,-8.0983],[112.81979,-8.09977],[112.81828,-8.09967],[112.81805,-8.10156],[112.81658,-8.10246],[112.81408,-8.10292],[112.8136,-8.10402],[112.81195,-8.10342],[112.80977,-8.10643],[112.80606,-8.10737],[112.80561,-8.10835],[112.80023,-8.10875],[112.79975,-8.11092],[112.79731,-8.11072],[112.7947,-8.11307],[112.79091,-8.1138],[112.79088,-8.1154],[112.78919,-8.11495],[112.78797,-8.11658],[112.78521,-8.11603],[112.7842,-8.11819],[112.77398,-8.11831],[112.77125,-8.11934],[112.7696,-8.11425],[112.77254,-8.11173]]]]}},{"type":"Feature","properties":{"kecamatan":"Sumbermanjing Wetan","kab_kota":"Malang","kode_kec":"35.07.04"},"geometry":{"type":"MultiPolygon","coordinates":[[[[112.67264,-8.4595],[112.67268,-8.45942],[112.67272,-8.45939],[112.67277,-8.4594],[112.67279,-8.45946],[112.67281,-8.45954],[112.67275,-8.4596],[112.67267,-8.4596],[112.67264,-8.4595]]],[[[112.65551,-8.452],[112.65545,-8.4522],[112.65537,-8.45232],[112.65526,-8.45239],[112.65516,-8.45242],[112.65504,-8.45239],[112.65505,-8.4523],[112.65511,-8.45209],[112.65518,-8.45198],[112.65537,-8.45181],[112.65543,-8.45177],[112.65552,-8.45176],[112.65553,-8.45186],[112.65551,-8.452]]],[[[112.64946,-8.45164],[112.64947,-8.4516],[112.6495,-8.45154],[112.64955,-8.45153],[112.64958,-8.45157],[112.64957,-8.45162],[112.64953,-8.45166],[112.64948,-8.45167],[112.64946,-8.45164]]],[[[112.64191,-8.45113],[112.64182,-8.45118],[112.64166,-8.45117],[112.64162,-8.45108],[112.64166,-8.45096],[112.64169,-8.45092],[112.64175,-8.45091],[112.64185,-8.45091],[112.64191,-8.45095],[112.64192,-8.45101],[112.64191,-8.45113]]],[[[112.65242,-8.45057],[112.65248,-8.45045],[112.65246,-8.45022],[112.65246,-8.4501],[112.65242,-8.44996],[112.65246,-8.44987],[112.65254,-8.44985],[112.65266,-8.44987],[112.65272,-8.44991],[112.65282,-8.44996],[112.65284,-8.45],[112.65291,-8.45014],[112.65291,-8.45022],[112.6529,-8.45031],[112.65277,-8.45048],[112.65267,-8.45064],[112.65263,-8.45075],[112.65263,-8.45087],[112.65262,-8.45094],[112.65258,-8.45099],[112.65253,-8.45112],[112.65248,-8.45132],[112.65245,-8.45143],[112.65245,-8.45158],[112.6525,-8.45175],[112.65248,-8.45186],[112.65239,-8.45196],[112.65226,-8.45193],[112.65227,-8.45179],[112.65221,-8.45155],[112.65213,-8.45133],[112.65211,-8.45117],[112.65216,-8.45096],[112.65224,-8.4508],[112.65232,-8.45065],[112.65242,-8.45057]]],[[[112.67251,-8.44971],[112.6724,-8.44962],[112.67235,-8.44951],[112.67237,-8.44943],[112.67248,-8.44937],[112.67258,-8.44937],[112.67262,-8.44938],[112.67268,-8.44957],[112.67267,-8.44964],[112.67259,-8.4497],[112.67251,-8.44971]]],[[[112.6496,-8.44907],[112.64971,-8.44916],[112.64984,-8.4493],[112.64985,-8.44935],[112.64981,-8.44948],[112.64979,-8.44961],[112.64974,-8.44969],[112.64966,-8.44972],[112.64957,-8.44972],[112.6494,-8.4497],[112.6493,-8.44964],[112.64928,-8.44957],[112.64932,-8.44947],[112.6494,-8.44933],[112.64945,-8.4492],[112.6495,-8.4491],[112.64955,-8.44906],[112.6496,-8.44907]]],[[[112.65389,-8.44843],[112.65395,-8.44828],[112.65426,-8.44802],[112.65431,-8.44802],[112.65446,-8.44808],[112.65461,-8.44824],[112.65466,-8.44838],[112.6547,-8.44867],[112.65467,-8.44888],[112.65459,-8.44895],[112.65442,-8.44891],[112.65433,-8.44888],[112.65422,-8.44888],[112.6541,-8.44893],[112.65399,-8.44899],[112.65388,-8.449],[112.65375,-8.44895],[112.65376,-8.44889],[112.65389,-8.44843]]],[[[112.63732,-8.44832],[112.6373,-8.44846],[112.63726,-8.44851],[112.63711,-8.44858],[112.63705,-8.44857],[112.63701,-8.44852],[112.63699,-8.44843],[112.637,-8.44836],[112.63703,-8.44826],[112.63709,-8.44818],[112.6372,-8.44817],[112.63724,-8.4482],[112.6373,-8.44826],[112.63732,-8.44832]]],[[[112.6372,-8.44781],[112.63718,-8.44769],[112.63718,-8.44764],[112.63721,-8.44753],[112.63728,-8.44748],[112.63731,-8.4475],[112.63731,-8.44775],[112.63729,-8.4478],[112.63728,-8.44781],[112.6372,-8.44781]]],[[[112.65611,-8.44701],[112.65606,-8.44701],[112.65601,-8.44699],[112.65599,-8.44696],[112.65601,-8.44692],[112.65604,-8.44689],[112.65609,-8.44689],[112.65614,-8.44693],[112.65614,-8.44699],[112.65611,-8.44701]]],[[[112.65962,-8.44655],[112.65969,-8.44658],[112.65967,-8.44675],[112.6596,-8.44693],[112.65955,-8.447],[112.65953,-8.44708],[112.65948,-8.44716],[112.65944,-8.4473],[112.65936,-8.44729],[112.65928,-8.44719],[112.65922,-8.44707],[112.6592,-8.44703],[112.65919,-8.44695],[112.65924,-8.44682],[112.65933,-8.44669],[112.65948,-8.44658],[112.65962,-8.44655]]],[[[112.64683,-8.44624],[112.64683,-8.44637],[112.64677,-8.44643],[112.64668,-8.44643],[112.64662,-8.44637],[112.64658,-8.44628],[112.64652,-8.4462],[112.64652,-8.44609],[112.64658,-8.44599],[112.64667,-8.44595],[112.64678,-8.44596],[112.64686,-8.44606],[112.64683,-8.44624]]],[[[112.67032,-8.44594],[112.67034,-8.44589],[112.67036,-8.44584],[112.67037,-8.44578],[112.67034,-8.44565],[112.67035,-8.44558],[112.67041,-8.4455],[112.6705,-8.44545],[112.67059,-8.44539],[112.67067,-8.4454],[112.67068,-8.44547],[112.67078,-8.44561],[112.67084,-8.4457],[112.67088,-8.44577],[112.67089,-8.44585],[112.67087,-8.44591],[112.67085,-8.44597],[112.67085,-8.44604],[112.67085,-8.44608],[112.67081,-8.44612],[112.67077,-8.44613],[112.6707,-8.44613],[112.67064,-8.44611],[112.67056,-8.44612],[112.67048,-8.44616],[112.67043,-8.44616],[112.67034,-8.44611],[112.6703,-8.44605],[112.67029,-8.44599],[112.67032,-8.44594]]],[[[112.6478,-8.44552],[112.6478,-8.44562],[112.64775,-8.44565],[112.64766,-8.44561],[112.64752,-8.44558],[112.64746,-8.4455],[112.64747,-8.44543],[112.64754,-8.44538],[112.64761,-8.44535],[112.6477,-8.44538],[112.6478,-8.44544],[112.6478,-8.44552]]],[[[112.66811,-8.4458],[112.66813,-8.44565],[112.66827,-8.44538],[112.66838,-8.44522],[112.66846,-8.4451],[112.6685,-8.44491],[112.66868,-8.44471],[112.66893,-8.44465],[112.66912,-8.4447],[112.66924,-8.44482],[112.66924,-8.4449],[112.6694,-8.4452],[112.66941,-8.44533],[112.66939,-8.44542],[112.66936,-8.4455],[112.6693,-8.44556],[112.66923,-8.44558],[112.66914,-8.44557],[112.66899,-8.44555],[112.66884,-8.44552],[112.66867,-8.44556],[112.6685,-8.44582],[112.66835,-8.44588],[112.66818,-8.44596],[112.66812,-8.44595],[112.66811,-8.4458]]],[[[112.66423,-8.44434],[112.6643,-8.4443],[112.66438,-8.4443],[112.66445,-8.44433],[112.66448,-8.44443],[112.66449,-8.4446],[112.66452,-8.44468],[112.66458,-8.44482],[112.66465,-8.44493],[112.66473,-8.44505],[112.66477,-8.44516],[112.66478,-8.44528],[112.66479,-8.44536],[112.66475,-8.44543],[112.66469,-8.44547],[112.66462,-8.44551],[112.66453,-8.44552],[112.66448,-8.44551],[112.6644,-8.44539],[112.66434,-8.4453],[112.6643,-8.44517],[112.66424,-8.44504],[112.66419,-8.44495],[112.66411,-8.44472],[112.6641,-8.44456],[112.66413,-8.44446],[112.66418,-8.44438],[112.66423,-8.44434]]],[[[112.64484,-8.44447],[112.6448,-8.44445],[112.6448,-8.44439],[112.64482,-8.44434],[112.64491,-8.44425],[112.64496,-8.44421],[112.645,-8.44426],[112.64498,-8.44431],[112.64496,-8.44435],[112.6449,-8.44442],[112.64484,-8.44447]]],[[[112.6414,-8.44326],[112.64132,-8.44312],[112.64133,-8.44289],[112.64151,-8.44269],[112.64175,-8.44249],[112.64196,-8.44231],[112.64219,-8.4423],[112.64232,-8.44234],[112.64233,-8.44245],[112.64226,-8.44289],[112.64213,-8.44322],[112.64199,-8.44349],[112.64166,-8.44387],[112.64161,-8.44386],[112.64155,-8.44383],[112.64148,-8.44377],[112.64138,-8.44364],[112.64136,-8.44356],[112.64138,-8.44351],[112.6414,-8.44345],[112.64143,-8.44338],[112.6414,-8.44326]]],[[[112.66701,-8.4427],[112.66705,-8.44263],[112.66712,-8.4426],[112.66721,-8.44265],[112.66723,-8.44268],[112.66722,-8.44276],[112.66716,-8.4428],[112.66707,-8.44277],[112.66701,-8.4427]]],[[[112.66839,-8.44271],[112.66831,-8.44277],[112.66822,-8.44274],[112.6681,-8.44263],[112.66808,-8.4425],[112.66813,-8.44237],[112.66817,-8.44234],[112.66829,-8.44233],[112.66833,-8.44235],[112.66842,-8.44245],[112.66845,-8.44256],[112.66839,-8.44271]]],[[[112.6405,-8.44053],[112.64046,-8.44045],[112.64048,-8.44038],[112.64055,-8.44028],[112.64064,-8.44024],[112.64072,-8.44021],[112.64097,-8.44022],[112.64104,-8.44031],[112.64118,-8.44063],[112.64116,-8.44077],[112.64109,-8.44082],[112.64102,-8.44084],[112.64085,-8.44084],[112.64079,-8.44084],[112.64068,-8.44086],[112.64063,-8.44085],[112.64062,-8.44078],[112.64063,-8.44074],[112.64064,-8.44062],[112.6406,-8.44058],[112.6405,-8.44053]]],[[[112.66975,-8.30576],[112.66388,-8.30209],[112.66325,-8.30058],[112.66415,-8.2982],[112.66926,-8.30008],[112.67086,-8.29437],[112.6675,-8.29597],[112.66208,-8.29664],[112.65624,-8.29447],[112.65769,-8.28567],[112.661,-8.27687],[112.66261,-8.27513],[112.66388,-8.26952],[112.66612,-8.26764],[112.65198,-8.2652],[112.65013,-8.25826],[112.64773,-8.25644],[112.6478,-8.25405],[112.65053,-8.2502],[112.64928,-8.2423],[112.64681,-8.2424],[112.64013,-8.23767],[112.6421,-8.23694],[112.64269,-8.23475],[112.64487,-8.23443],[112.64435,-8.23204],[112.65041,-8.2329],[112.65086,-8.23608],[112.65551,-8.23418],[112.65776,-8.23609],[112.66138,-8.23439],[112.66333,-8.2347],[112.66484,-8.23312],[112.66654,-8.23365],[112.66586,-8.23624],[112.66729,-8.2368],[112.67242,-8.23363],[112.67657,-8.23563],[112.67673,-8.23396],[112.67509,-8.23357],[112.67693,-8.23168],[112.68059,-8.23423],[112.6851,-8.2311],[112.68473,-8.22962],[112.68625,-8.22798],[112.68831,-8.23029],[112.69085,-8.22896],[112.69218,-8.22678],[112.69718,-8.22574],[112.70159,-8.22695],[112.70277,-8.22617],[112.70365,-8.22831],[112.70875,-8.22892],[112.7122,-8.23093],[112.71143,-8.2329],[112.71439,-8.23376],[112.71748,-8.2404],[112.72011,-8.24012],[112.72197,-8.24118],[112.72436,-8.23853],[112.72558,-8.23908],[112.72401,-8.24179],[112.72436,-8.24318],[112.73427,-8.24776],[112.73942,-8.24846],[112.74189,-8.24737],[112.74274,-8.24846],[112.74291,-8.24625],[112.74616,-8.24293],[112.74909,-8.24671],[112.74825,-8.25179],[112.74925,-8.25577],[112.7574,-8.26164],[112.76802,-8.26369],[112.76879,-8.26918],[112.7684,-8.27291],[112.76945,-8.27614],[112.76824,-8.27675],[112.76757,-8.27966],[112.76056,-8.27901],[112.75925,-8.2946],[112.75998,-8.30059],[112.75729,-8.31159],[112.75548,-8.31414],[112.75778,-8.31623],[112.7567,-8.31885],[112.75667,-8.32586],[112.75947,-8.32739],[112.7639,-8.32651],[112.7744,-8.32915],[112.77945,-8.32861],[112.77972,-8.3379],[112.79071,-8.33648],[112.797,-8.3376],[112.79985,-8.33483],[112.80538,-8.3571],[112.80851,-8.39809],[112.80764,-8.39617],[112.80462,-8.39686],[112.80415,-8.39534],[112.80348,-8.39928],[112.80201,-8.39711],[112.80016,-8.398],[112.8014,-8.39923],[112.80158,-8.40235],[112.79911,-8.4048],[112.793,-8.4024],[112.79256,-8.40318],[112.79164,-8.40212],[112.79228,-8.40073],[112.78887,-8.39933],[112.78815,-8.3976],[112.78672,-8.397],[112.78585,-8.3983],[112.78528,-8.39687],[112.78317,-8.39729],[112.78329,-8.39489],[112.78539,-8.39134],[112.78317,-8.38815],[112.78339,-8.38684],[112.77706,-8.38559],[112.77025,-8.38693],[112.7698,-8.38864],[112.76828,-8.38901],[112.76821,-8.39189],[112.76655,-8.39201],[112.76618,-8.39323],[112.76584,-8.39833],[112.76805,-8.40186],[112.76698,-8.40386],[112.76744,-8.40614],[112.76641,-8.40564],[112.76559,-8.40735],[112.76664,-8.40859],[112.76648,-8.4112],[112.76447,-8.41216],[112.76539,-8.40894],[112.76438,-8.40772],[112.7623,-8.40813],[112.75978,-8.41129],[112.75452,-8.41112],[112.75386,-8.41355],[112.7572,-8.41852],[112.75705,-8.42069],[112.7555,-8.42154],[112.75342,-8.42047],[112.7502,-8.41455],[112.74448,-8.41758],[112.7427,-8.4248],[112.74078,-8.41998],[112.74117,-8.41655],[112.73943,-8.41582],[112.73233,-8.41768],[112.73015,-8.41969],[112.7263,-8.41652],[112.72058,-8.41966],[112.71547,-8.42057],[112.71537,-8.41827],[112.70881,-8.4175],[112.70361,-8.42082],[112.70045,-8.42593],[112.69794,-8.42685],[112.69302,-8.42589],[112.69146,-8.42784],[112.6908,-8.42633],[112.69078,-8.42818],[112.68926,-8.4297],[112.68408,-8.4321],[112.6845,-8.43383],[112.67967,-8.43655],[112.67562,-8.44219],[112.67139,-8.44413],[112.67158,-8.44511],[112.67053,-8.44505],[112.67,-8.44272],[112.66769,-8.44074],[112.66547,-8.44291],[112.66609,-8.4439],[112.66301,-8.44321],[112.66139,-8.44599],[112.65891,-8.44508],[112.65597,-8.44684],[112.65539,-8.44613],[112.65215,-8.44723],[112.65163,-8.44855],[112.64927,-8.44646],[112.64843,-8.44728],[112.64865,-8.44522],[112.64289,-8.44237],[112.64182,-8.43969],[112.64411,-8.43878],[112.64535,-8.43676],[112.64543,-8.43578],[112.64368,-8.43566],[112.64303,-8.43445],[112.64796,-8.42755],[112.64696,-8.42555],[112.64491,-8.42582],[112.64553,-8.42398],[112.6476,-8.42359],[112.64523,-8.4219],[112.64981,-8.42002],[112.64849,-8.41725],[112.64917,-8.41222],[112.64841,-8.41044],[112.65179,-8.40906],[112.65075,-8.40603],[112.65852,-8.40086],[112.65716,-8.39933],[112.65849,-8.39789],[112.65682,-8.39857],[112.65537,-8.39704],[112.65689,-8.39591],[112.65693,-8.39426],[112.65558,-8.39376],[112.65829,-8.39302],[112.65685,-8.39215],[112.65783,-8.39196],[112.65825,-8.38975],[112.65637,-8.38829],[112.6584,-8.38787],[112.65744,-8.38457],[112.65958,-8.38135],[112.65913,-8.38016],[112.65818,-8.38106],[112.65746,-8.3793],[112.66005,-8.37659],[112.66153,-8.37244],[112.66464,-8.37098],[112.66826,-8.36663],[112.66636,-8.36366],[112.66842,-8.36266],[112.66755,-8.35994],[112.66822,-8.35849],[112.66609,-8.35698],[112.6652,-8.35456],[112.66661,-8.35067],[112.66615,-8.34158],[112.667,-8.34071],[112.66661,-8.33821],[112.66502,-8.3369],[112.66603,-8.33229],[112.66481,-8.32674],[112.66752,-8.32322],[112.66741,-8.32085],[112.66242,-8.31904],[112.66194,-8.31715],[112.66504,-8.31143],[112.66678,-8.31161],[112.66817,-8.30949],[112.66642,-8.30775],[112.66865,-8.30744],[112.66835,-8.30602],[112.66975,-8.30576]]],[[[112.6919,-8.46095],[112.69184,-8.46108],[112.69175,-8.46107],[112.69165,-8.46103],[112.69157,-8.46097],[112.69158,-8.46081],[112.69166,-8.46066],[112.69173,-8.46058],[112.69183,-8.46062],[112.69189,-8.46075],[112.69187,-8.4609],[112.6919,-8.46095]]],[[[112.69636,-8.46032],[112.69652,-8.46044],[112.69672,-8.46052],[112.69681,-8.46079],[112.69679,-8.46096],[112.69677,-8.46106],[112.69672,-8.4611],[112.69669,-8.4612],[112.6966,-8.46139],[112.69646,-8.46146],[112.69632,-8.46134],[112.69616,-8.46108],[112.69609,-8.46065],[112.69591,-8.46048],[112.69587,-8.46016],[112.69593,-8.45996],[112.69604,-8.45992],[112.69617,-8.45994],[112.69622,-8.46005],[112.69623,-8.46022],[112.69636,-8.46032]]],[[[112.69163,-8.46046],[112.69153,-8.46044],[112.69147,-8.46026],[112.69152,-8.46007],[112.69162,-8.46004],[112.69174,-8.46008],[112.69177,-8.46018],[112.69182,-8.46028],[112.69184,-8.46034],[112.69177,-8.46039],[112.69176,-8.46043],[112.69163,-8.46046]]],[[[112.69532,-8.45908],[112.69528,-8.45917],[112.69526,-8.45934],[112.69515,-8.45936],[112.69504,-8.45933],[112.69486,-8.45924],[112.69467,-8.45915],[112.69465,-8.45899],[112.69467,-8.45882],[112.69478,-8.45877],[112.69499,-8.45879],[112.69512,-8.45885],[112.69527,-8.45891],[112.69532,-8.45908]]],[[[112.69298,-8.4592],[112.69296,-8.45928],[112.69286,-8.4593],[112.6926,-8.45932],[112.69254,-8.45923],[112.69254,-8.45904],[112.69252,-8.45882],[112.69254,-8.45863],[112.69257,-8.45839],[112.69263,-8.4583],[112.69273,-8.45831],[112.69279,-8.45847],[112.69286,-8.45867],[112.69298,-8.4592]]],[[[112.67708,-8.45875],[112.67698,-8.45876],[112.67688,-8.4587],[112.67685,-8.4586],[112.67686,-8.45846],[112.677,-8.45833],[112.67716,-8.45829],[112.67728,-8.4583],[112.6773,-8.45843],[112.67726,-8.4586],[112.67719,-8.45869],[112.67708,-8.45875]]],[[[112.67783,-8.45747],[112.67792,-8.45746],[112.67798,-8.4575],[112.67803,-8.45759],[112.67804,-8.45764],[112.67801,-8.45774],[112.67796,-8.45788],[112.67789,-8.45801],[112.67779,-8.45809],[112.67764,-8.45812],[112.67753,-8.45815],[112.67745,-8.45818],[112.67736,-8.45816],[112.67734,-8.45812],[112.67735,-8.458],[112.67741,-8.45793],[112.67751,-8.45788],[112.6776,-8.45777],[112.67767,-8.45766],[112.67771,-8.45756],[112.67778,-8.45747],[112.67783,-8.45747]]],[[[112.68129,-8.4568],[112.6813,-8.45698],[112.68126,-8.45717],[112.6812,-8.45729],[112.68111,-8.45738],[112.68098,-8.45741],[112.68093,-8.45744],[112.68087,-8.45749],[112.68081,-8.45749],[112.6807,-8.45745],[112.68075,-8.45729],[112.68088,-8.45706],[112.68103,-8.45686],[112.68111,-8.45676],[112.68117,-8.45669],[112.68123,-8.45666],[112.68127,-8.45669],[112.68129,-8.4568]]],[[[112.67951,-8.45638],[112.67948,-8.45635],[112.67947,-8.45629],[112.67954,-8.45622],[112.67964,-8.45615],[112.67971,-8.45617],[112.67986,-8.45625],[112.67991,-8.45636],[112.67991,-8.45642],[112.67991,-8.45651],[112.67993,-8.45656],[112.67995,-8.45662],[112.67995,-8.45672],[112.6799,-8.45682],[112.67986,-8.45684],[112.67977,-8.4568],[112.67972,-8.45679],[112.67959,-8.45677],[112.67952,-8.45673],[112.67942,-8.45666],[112.67943,-8.45656],[112.67949,-8.45649],[112.67951,-8.45645],[112.67953,-8.4564],[112.67951,-8.45638]]],[[[112.67937,-8.45554],[112.67938,-8.45567],[112.67933,-8.45573],[112.67922,-8.45575],[112.67914,-8.45576],[112.67904,-8.45572],[112.67896,-8.45566],[112.67891,-8.45553],[112.67893,-8.45545],[112.67903,-8.45534],[112.6791,-8.45527],[112.67918,-8.45527],[112.67929,-8.45533],[112.67935,-8.45545],[112.67937,-8.45554]]],[[[112.68151,-8.45563],[112.68156,-8.45557],[112.68163,-8.45547],[112.68172,-8.45536],[112.68182,-8.45528],[112.68195,-8.45522],[112.68201,-8.45524],[112.68205,-8.45533],[112.68206,-8.45544],[112.68204,-8.45557],[112.68197,-8.45564],[112.68191,-8.45566],[112.68185,-8.45564],[112.6818,-8.45561],[112.68176,-8.45561],[112.68171,-8.45564],[112.68165,-8.45571],[112.68161,-8.45576],[112.68157,-8.45577],[112.68156,-8.45575],[112.68154,-8.45571],[112.68151,-8.45563]]],[[[112.67621,-8.4551],[112.67617,-8.45503],[112.67619,-8.45497],[112.67631,-8.45487],[112.67639,-8.45478],[112.67644,-8.45478],[112.67652,-8.45485],[112.67646,-8.45497],[112.67639,-8.45507],[112.67631,-8.4551],[112.67621,-8.4551]]],[[[112.67843,-8.45496],[112.67837,-8.45491],[112.67837,-8.45481],[112.67846,-8.45468],[112.67857,-8.4547],[112.67866,-8.45484],[112.67868,-8.45497],[112.6786,-8.45501],[112.67851,-8.45503],[112.67843,-8.45496]]],[[[112.67716,-8.45363],[112.67712,-8.45338],[112.67722,-8.45317],[112.67738,-8.45296],[112.67745,-8.45292],[112.67772,-8.45282],[112.67779,-8.45283],[112.67789,-8.4529],[112.67793,-8.453],[112.67795,-8.45308],[112.67795,-8.45319],[112.67786,-8.45328],[112.6777,-8.45341],[112.67749,-8.45369],[112.67741,-8.4538],[112.67739,-8.45398],[112.67736,-8.45454],[112.67728,-8.45466],[112.67709,-8.4548],[112.67695,-8.45486],[112.67685,-8.4549],[112.67672,-8.45491],[112.67668,-8.45485],[112.67665,-8.45479],[112.67667,-8.45473],[112.67683,-8.45459],[112.67686,-8.45448],[112.67699,-8.45419],[112.67713,-8.45405],[112.67717,-8.45393],[112.67718,-8.4538],[112.67716,-8.45363]]],[[[112.67851,-8.4536],[112.67855,-8.45357],[112.67862,-8.45357],[112.67872,-8.45367],[112.67875,-8.45371],[112.67877,-8.45377],[112.67875,-8.45382],[112.67873,-8.45386],[112.6787,-8.45387],[112.67868,-8.45385],[112.67867,-8.45383],[112.67858,-8.45383],[112.67853,-8.45382],[112.6785,-8.4538],[112.67848,-8.45375],[112.67847,-8.45369],[112.67848,-8.45364],[112.67851,-8.4536]]],[[[112.67776,-8.45124],[112.67792,-8.45129],[112.67798,-8.45135],[112.678,-8.45141],[112.67797,-8.4515],[112.67784,-8.45166],[112.67779,-8.45173],[112.67774,-8.45188],[112.67755,-8.45205],[112.67746,-8.45225],[112.67725,-8.45235],[112.67704,-8.45233],[112.6769,-8.45232],[112.67678,-8.45225],[112.67685,-8.45209],[112.6769,-8.45196],[112.67701,-8.45177],[112.67714,-8.45166],[112.67739,-8.45149],[112.67769,-8.45125],[112.67776,-8.45124]]],[[[112.67904,-8.45164],[112.67891,-8.45173],[112.67878,-8.45175],[112.67869,-8.45172],[112.6786,-8.45154],[112.67856,-8.45145],[112.67855,-8.45134],[112.67859,-8.4513],[112.67892,-8.45122],[112.67902,-8.45121],[112.67913,-8.45131],[112.67911,-8.4515],[112.67904,-8.45164]]],[[[112.67785,-8.44705],[112.67778,-8.4471],[112.67759,-8.44708],[112.67737,-8.44701],[112.67733,-8.44693],[112.67738,-8.44685],[112.67752,-8.44676],[112.67759,-8.44675],[112.67777,-8.44669],[112.67779,-8.44672],[112.6779,-8.44691],[112.67785,-8.44705]]],[[[112.70435,-8.43116],[112.71243,-8.43425],[112.7115,-8.44059],[112.71236,-8.4436],[112.71153,-8.44931],[112.71232,-8.45854],[112.70915,-8.45861],[112.71006,-8.45939],[112.70734,-8.46038],[112.70847,-8.46137],[112.70714,-8.46355],[112.70474,-8.46219],[112.70372,-8.46385],[112.70059,-8.46081],[112.69752,-8.46128],[112.69542,-8.45798],[112.6938,-8.45826],[112.69321,-8.45716],[112.69154,-8.45794],[112.69204,-8.4562],[112.68845,-8.45802],[112.6895,-8.45291],[112.68877,-8.451],[112.68652,-8.45257],[112.68355,-8.45177],[112.68223,-8.45455],[112.68106,-8.45437],[112.6822,-8.45271],[112.68046,-8.4521],[112.6802,-8.45598],[112.68014,-8.45159],[112.67841,-8.44871],[112.67923,-8.44746],[112.67812,-8.44517],[112.68146,-8.43984],[112.68329,-8.4409],[112.6844,-8.43989],[112.68311,-8.43969],[112.68308,-8.43861],[112.68651,-8.43576],[112.69143,-8.43501],[112.69039,-8.43292],[112.6909,-8.43218],[112.69198,-8.43293],[112.69184,-8.43105],[112.69662,-8.42941],[112.70229,-8.42984],[112.70435,-8.43116]]],[[[112.70613,-8.46365],[112.70616,-8.46372],[112.70609,-8.46375],[112.7058,-8.46386],[112.70569,-8.46388],[112.70561,-8.46394],[112.70551,-8.46395],[112.70544,-8.46389],[112.7055,-8.46377],[112.70557,-8.46365],[112.70565,-8.46361],[112.70574,-8.46356],[112.70587,-8.46354],[112.70593,-8.46353],[112.70607,-8.46359],[112.70613,-8.46365]]],[[[112.70482,-8.46335],[112.70483,-8.46345],[112.7048,-8.46353],[112.7047,-8.46367],[112.70464,-8.46378],[112.7046,-8.46379],[112.70456,-8.46375],[112.70456,-8.46367],[112.70454,-8.46358],[112.70452,-8.46351],[112.70452,-8.46343],[112.70454,-8.46338],[112.70458,-8.46334],[112.70467,-8.4633],[112.70474,-8.46327],[112.70482,-8.46335]]],[[[112.70097,-8.46319],[112.70078,-8.46313],[112.70073,-8.46307],[112.70067,-8.4629],[112.70067,-8.46285],[112.7006,-8.46279],[112.7005,-8.46278],[112.7004,-8.46275],[112.70035,-8.46269],[112.70032,-8.46259],[112.70032,-8.4625],[112.70041,-8.4624],[112.70052,-8.46232],[112.7006,-8.46221],[112.70062,-8.46212],[112.70075,-8.46206],[112.70087,-8.46204],[112.70103,-8.46207],[112.70118,-8.46215],[112.70137,-8.46235],[112.70127,-8.46247],[112.70117,-8.46247],[112.70104,-8.46244],[112.70096,-8.46247],[112.70085,-8.46255],[112.70082,-8.46278],[112.70092,-8.46288],[112.70104,-8.4629],[112.70117,-8.46303],[112.70117,-8.46318],[112.70097,-8.46319]]],[[[112.69878,-8.46175],[112.69871,-8.46191],[112.69866,-8.46213],[112.69866,-8.46222],[112.69855,-8.46232],[112.69846,-8.46239],[112.69858,-8.46255],[112.69865,-8.46268],[112.69869,-8.46282],[112.69864,-8.46293],[112.69856,-8.46299],[112.69841,-8.46304],[112.69823,-8.46285],[112.69807,-8.46277],[112.69789,-8.46266],[112.69789,-8.46254],[112.69801,-8.46242],[112.6982,-8.46235],[112.69843,-8.46228],[112.69842,-8.46215],[112.69839,-8.46204],[112.69839,-8.46195],[112.6984,-8.46183],[112.69843,-8.46175],[112.69852,-8.46165],[112.6986,-8.46153],[112.69863,-8.46142],[112.69862,-8.46134],[112.69864,-8.46123],[112.69868,-8.46116],[112.69876,-8.46114],[112.69886,-8.46115],[112.69898,-8.46119],[112.69909,-8.46119],[112.69919,-8.46121],[112.69927,-8.46126],[112.69934,-8.46132],[112.69935,-8.46141],[112.69926,-8.46148],[112.6991,-8.46152],[112.699,-8.46156],[112.69888,-8.46163],[112.69878,-8.46175]]],[[[112.73482,-8.43478],[112.73412,-8.43526],[112.73362,-8.43384],[112.73533,-8.43259],[112.73482,-8.43478]]],[[[112.73415,-8.4269],[112.7341,-8.42705],[112.73401,-8.42711],[112.73388,-8.42711],[112.73378,-8.42704],[112.73371,-8.42692],[112.73372,-8.4268],[112.73378,-8.42672],[112.73395,-8.42664],[112.73402,-8.42666],[112.73413,-8.42677],[112.73415,-8.4269]]],[[[112.75468,-8.42454],[112.75385,-8.42344],[112.7548,-8.42232],[112.75468,-8.42454]]],[[[112.73926,-8.41784],[112.73931,-8.41804],[112.73931,-8.41819],[112.73926,-8.41827],[112.73915,-8.41831],[112.739,-8.41827],[112.73884,-8.41815],[112.73874,-8.41801],[112.73872,-8.41793],[112.73892,-8.41779],[112.73896,-8.41777],[112.7392,-8.41779],[112.73926,-8.41784]]],[[[112.7463,-8.41762],[112.74627,-8.4178],[112.74613,-8.41797],[112.74606,-8.41795],[112.74596,-8.41784],[112.74594,-8.41772],[112.746,-8.41758],[112.74613,-8.4174],[112.74624,-8.41738],[112.74628,-8.41746],[112.7463,-8.41762]]],[[[112.75073,-8.4174],[112.75058,-8.41721],[112.75057,-8.41715],[112.75069,-8.41711],[112.75074,-8.41712],[112.75086,-8.41717],[112.75092,-8.4172],[112.75087,-8.41732],[112.75073,-8.4174]]],[[[112.74869,-8.41627],[112.74863,-8.41626],[112.74862,-8.41599],[112.74862,-8.4159],[112.74884,-8.41581],[112.74892,-8.41584],[112.74898,-8.41593],[112.7488,-8.41619],[112.74869,-8.41627]]],[[[112.79823,-8.41372],[112.79617,-8.4134],[112.7983,-8.41244],[112.79823,-8.41372]]],[[[112.79888,-8.40905],[112.79961,-8.41059],[112.79816,-8.41069],[112.79525,-8.40754],[112.79888,-8.40905]]],[[[112.79894,-8.40843],[112.79892,-8.40849],[112.79881,-8.40855],[112.79864,-8.40856],[112.79854,-8.40851],[112.79846,-8.40833],[112.7985,-8.40821],[112.79863,-8.40813],[112.79877,-8.40814],[112.79892,-8.40818],[112.79896,-8.40826],[112.79894,-8.40843]]],[[[112.79372,-8.40318],[112.79389,-8.40318],[112.79402,-8.40335],[112.79408,-8.40359],[112.79404,-8.40375],[112.79391,-8.40383],[112.7939,-8.40394],[112.794,-8.40421],[112.79411,-8.40446],[112.79413,-8.40471],[112.79412,-8.40499],[112.79403,-8.40509],[112.79369,-8.40492],[112.79346,-8.40461],[112.79337,-8.40439],[112.79333,-8.40363],[112.7933,-8.4034],[112.79335,-8.40322],[112.79353,-8.40318],[112.79372,-8.40318]]]]}},{"type":"Feature","properties":{"kecamatan":"Dampit","kab_kota":"Malang","kode_kec":"35.07.05"},"geometry":{"type":"MultiPolygon","coordinates":[[[[112.74171,-8.24751],[112.73673,-8.2484],[112.72653,-8.24439],[112.72399,-8.2428],[112.72558,-8.23908],[112.72436,-8.23853],[112.72197,-8.24118],[112.72011,-8.24012],[112.71748,-8.2404],[112.71439,-8.23376],[112.71143,-8.2329],[112.7122,-8.23093],[112.70875,-8.22892],[112.70365,-8.22831],[112.70294,-8.22622],[112.70159,-8.22695],[112.69565,-8.22597],[112.69973,-8.22315],[112.69689,-8.22074],[112.69722,-8.21947],[112.70028,-8.21917],[112.70067,-8.21571],[112.69888,-8.21148],[112.69935,-8.21],[112.70176,-8.20701],[112.70373,-8.20781],[112.7041,-8.206],[112.7028,-8.20527],[112.70495,-8.20321],[112.70573,-8.20065],[112.70825,-8.20068],[112.70695,-8.19968],[112.70781,-8.19789],[112.70593,-8.19821],[112.70432,-8.1943],[112.70473,-8.19199],[112.70775,-8.19065],[112.70713,-8.1877],[112.71072,-8.18478],[112.71059,-8.18075],[112.71309,-8.17999],[112.71354,-8.1771],[112.71576,-8.17757],[112.71681,-8.17476],[112.71612,-8.17382],[112.7258,-8.16824],[112.72887,-8.16152],[112.72991,-8.16145],[112.72899,-8.15941],[112.72958,-8.15766],[112.73114,-8.15791],[112.73276,-8.15659],[112.73459,-8.15786],[112.73561,-8.15716],[112.74003,-8.1582],[112.73982,-8.1574],[112.7427,-8.15738],[112.74402,-8.1562],[112.74622,-8.15744],[112.75005,-8.1549],[112.75723,-8.1532],[112.7596,-8.15644],[112.75891,-8.15905],[112.76121,-8.15899],[112.76144,-8.16134],[112.77687,-8.1636],[112.77636,-8.16789],[112.78704,-8.16506],[112.78703,-8.16591],[112.79376,-8.16945],[112.79681,-8.16848],[112.795,-8.17019],[112.80064,-8.17184],[112.80049,-8.17297],[112.79266,-8.17624],[112.79357,-8.17795],[112.79294,-8.18139],[112.78875,-8.18497],[112.79553,-8.19069],[112.8015,-8.18702],[112.80039,-8.20061],[112.80236,-8.20121],[112.80072,-8.20196],[112.79976,-8.20584],[112.79758,-8.20721],[112.79511,-8.21219],[112.79322,-8.21329],[112.79221,-8.22065],[112.79013,-8.22077],[112.79041,-8.21895],[112.78923,-8.21795],[112.78928,-8.22085],[112.78731,-8.22142],[112.78599,-8.21996],[112.78588,-8.22296],[112.78418,-8.2246],[112.7864,-8.22469],[112.78686,-8.22625],[112.78868,-8.22418],[112.78909,-8.22551],[112.79155,-8.22547],[112.79206,-8.2272],[112.79342,-8.22625],[112.79936,-8.22871],[112.80002,-8.22766],[112.80186,-8.22888],[112.8036,-8.22839],[112.80516,-8.24214],[112.8068,-8.24431],[112.80573,-8.24488],[112.8066,-8.25141],[112.80812,-8.25343],[112.80621,-8.25938],[112.81061,-8.26488],[112.8092,-8.26547],[112.81021,-8.26807],[112.8093,-8.26831],[112.80928,-8.27049],[112.81177,-8.27269],[112.81326,-8.27597],[112.81187,-8.27873],[112.8101,-8.27913],[112.81076,-8.28168],[112.80874,-8.28593],[112.81148,-8.29286],[112.8141,-8.29406],[112.81307,-8.30525],[112.81881,-8.30635],[112.83456,-8.30633],[112.83584,-8.30885],[112.83932,-8.30921],[112.84061,-8.31108],[112.84205,-8.31124],[112.84228,-8.32198],[112.84004,-8.32538],[112.84239,-8.32819],[112.84079,-8.33293],[112.83517,-8.33218],[112.82101,-8.33325],[112.81545,-8.33787],[112.81346,-8.33833],[112.81137,-8.33671],[112.81164,-8.33273],[112.81005,-8.33165],[112.80194,-8.3349],[112.79886,-8.33493],[112.797,-8.3376],[112.79071,-8.33648],[112.77972,-8.3379],[112.77945,-8.32861],[112.77458,-8.32917],[112.76884,-8.32818],[112.7664,-8.32671],[112.75947,-8.32739],[112.75688,-8.32618],[112.7567,-8.31885],[112.75778,-8.31623],[112.75548,-8.31414],[112.75729,-8.31159],[112.75998,-8.30059],[112.75925,-8.2946],[112.76056,-8.27901],[112.76757,-8.27966],[112.76824,-8.27675],[112.76945,-8.27614],[112.76802,-8.26369],[112.7574,-8.26164],[112.74925,-8.25577],[112.74825,-8.25179],[112.74909,-8.24671],[112.74616,-8.24293],[112.74291,-8.24625],[112.74287,-8.2484],[112.74171,-8.24751]]]]}},{"type":"Feature","properties":{"kecamatan":"Wajak","kab_kota":"Malang","kode_kec":"35.07.08"},"geometry":{"type":"MultiPolygon","coordinates":[[[[112.73312,-8.14591],[112.73284,-8.14734],[112.73001,-8.14739],[112.72888,-8.14542],[112.72369,-8.14549],[112.72183,-8.14015],[112.71396,-8.14048],[112.71357,-8.14206],[112.70654,-8.1405],[112.70546,-8.14124],[112.70401,-8.14028],[112.7072,-8.13609],[112.70757,-8.13313],[112.70988,-8.1314],[112.70676,-8.12943],[112.70999,-8.12402],[112.70906,-8.1238],[112.70753,-8.12588],[112.70116,-8.1244],[112.70159,-8.12301],[112.70018,-8.12222],[112.7013,-8.12011],[112.69817,-8.11962],[112.69861,-8.11664],[112.69641,-8.11613],[112.69524,-8.11825],[112.69118,-8.11695],[112.68917,-8.11797],[112.68851,-8.11705],[112.6883,-8.10411],[112.69082,-8.10258],[112.69286,-8.10269],[112.69357,-8.10141],[112.69645,-8.10124],[112.6969,-8.09385],[112.69556,-8.09364],[112.69707,-8.0893],[112.69612,-8.08915],[112.69589,-8.08696],[112.69857,-8.08245],[112.70327,-8.0828],[112.70461,-8.08038],[112.70569,-8.08037],[112.7194,-8.08399],[112.71996,-8.08174],[112.72381,-8.08151],[112.72523,-8.07623],[112.72372,-8.0749],[112.71748,-8.07336],[112.71343,-8.06992],[112.70874,-8.07001],[112.71039,-8.06723],[112.71304,-8.06577],[112.71287,-8.06416],[112.7223,-8.06078],[112.7253,-8.06333],[112.72582,-8.06648],[112.73114,-8.07175],[112.73265,-8.07834],[112.73458,-8.07958],[112.73425,-8.08073],[112.73783,-8.08113],[112.73812,-8.0802],[112.74229,-8.0818],[112.74055,-8.08586],[112.74307,-8.08739],[112.74228,-8.08924],[112.74333,-8.09047],[112.75167,-8.0931],[112.75374,-8.09274],[112.75432,-8.09385],[112.75686,-8.09354],[112.75663,-8.09452],[112.75904,-8.09524],[112.75877,-8.09692],[112.76029,-8.09706],[112.75975,-8.09855],[112.76084,-8.10074],[112.75942,-8.10241],[112.75927,-8.10479],[112.7622,-8.10442],[112.76234,-8.10559],[112.76449,-8.10624],[112.76334,-8.10785],[112.76549,-8.10701],[112.7661,-8.10842],[112.76869,-8.10916],[112.7691,-8.11082],[112.77268,-8.11188],[112.7696,-8.11425],[112.77125,-8.11934],[112.77398,-8.11831],[112.7842,-8.11819],[112.78521,-8.11603],[112.78797,-8.11658],[112.78919,-8.11495],[112.79088,-8.1154],[112.79091,-8.1138],[112.7947,-8.11307],[112.79731,-8.11072],[112.79975,-8.11092],[112.80023,-8.10875],[112.80561,-8.10835],[112.80606,-8.10737],[112.80977,-8.10643],[112.81195,-8.10342],[112.8136,-8.10402],[112.81408,-8.10292],[112.81658,-8.10246],[112.81805,-8.10156],[112.81828,-8.09967],[112.81979,-8.09977],[112.82078,-8.0983],[112.83348,-8.09615],[112.83774,-8.09659],[112.85185,-8.10337],[112.85699,-8.1042],[112.86608,-8.1078],[112.86413,-8.11082],[112.85672,-8.11327],[112.85562,-8.11843],[112.85045,-8.12401],[112.84659,-8.13147],[112.84343,-8.13311],[112.84236,-8.13575],[112.84307,-8.1366],[112.83785,-8.14258],[112.83373,-8.14257],[112.83169,-8.14581],[112.82911,-8.14589],[112.82906,-8.14763],[112.82639,-8.14801],[112.82446,-8.15017],[112.81952,-8.1508],[112.81804,-8.15401],[112.81073,-8.15903],[112.80057,-8.16184],[112.79709,-8.16822],[112.79376,-8.16945],[112.78703,-8.16591],[112.78704,-8.16506],[112.77636,-8.16789],[112.77687,-8.1636],[112.77383,-8.16379],[112.77374,-8.1627],[112.77149,-8.16262],[112.77206,-8.15928],[112.77313,-8.15919],[112.77469,-8.15632],[112.76877,-8.15457],[112.76971,-8.15174],[112.76797,-8.15279],[112.76114,-8.15239],[112.76124,-8.14898],[112.76016,-8.14842],[112.75072,-8.14897],[112.74266,-8.14399],[112.74045,-8.1455],[112.73438,-8.1448],[112.73312,-8.14591]]]]}},{"type":"Feature","properties":{"kecamatan":"Turen","kab_kota":"Malang","kode_kec":"35.07.09"},"geometry":{"type":"MultiPolygon","coordinates":[[[[112.66466,-8.23311],[112.66333,-8.2347],[112.66138,-8.23439],[112.65776,-8.23609],[112.65551,-8.23418],[112.65086,-8.23608],[112.65041,-8.2329],[112.64555,-8.23171],[112.64399,-8.23249],[112.64487,-8.23443],[112.64269,-8.23475],[112.64165,-8.23722],[112.63911,-8.23781],[112.63913,-8.23554],[112.64789,-8.21686],[112.64454,-8.21391],[112.64848,-8.20629],[112.66905,-8.20488],[112.67539,-8.19369],[112.67583,-8.19252],[112.67384,-8.19082],[112.66936,-8.18916],[112.66932,-8.18633],[112.67074,-8.18575],[112.66798,-8.18172],[112.66923,-8.17579],[112.67183,-8.17427],[112.67208,-8.17119],[112.67364,-8.16863],[112.67177,-8.16551],[112.67195,-8.16165],[112.66492,-8.15934],[112.66604,-8.15722],[112.67096,-8.154],[112.67091,-8.14995],[112.67454,-8.14543],[112.67385,-8.1433],[112.67598,-8.14102],[112.67401,-8.13999],[112.67588,-8.13301],[112.68453,-8.12191],[112.68557,-8.12216],[112.6865,-8.11939],[112.69118,-8.11695],[112.69524,-8.11825],[112.69641,-8.11613],[112.69861,-8.11664],[112.69817,-8.11962],[112.7013,-8.12011],[112.70018,-8.12222],[112.70159,-8.12301],[112.70116,-8.1244],[112.70753,-8.12588],[112.70906,-8.1238],[112.70999,-8.12402],[112.70676,-8.12943],[112.70988,-8.1314],[112.70757,-8.13313],[112.7072,-8.13609],[112.70401,-8.14028],[112.70548,-8.14125],[112.70654,-8.1405],[112.71357,-8.14206],[112.71396,-8.14048],[112.72183,-8.14015],[112.72365,-8.14546],[112.72888,-8.14542],[112.73001,-8.14739],[112.73284,-8.14734],[112.73367,-8.14485],[112.74045,-8.1455],[112.74266,-8.14399],[112.75072,-8.14897],[112.76016,-8.14842],[112.76124,-8.14898],[112.76114,-8.15239],[112.76797,-8.15279],[112.76971,-8.15174],[112.76877,-8.15457],[112.77469,-8.15632],[112.77313,-8.15919],[112.77206,-8.15928],[112.77149,-8.16262],[112.76144,-8.16134],[112.76121,-8.15899],[112.75891,-8.15905],[112.7596,-8.15644],[112.75723,-8.1532],[112.75005,-8.1549],[112.74622,-8.15744],[112.74402,-8.1562],[112.7427,-8.15738],[112.73982,-8.1574],[112.74003,-8.1582],[112.73561,-8.15716],[112.73459,-8.15786],[112.73279,-8.15659],[112.73114,-8.15791],[112.72963,-8.15758],[112.72899,-8.15941],[112.72991,-8.16145],[112.72887,-8.16152],[112.7258,-8.16824],[112.71612,-8.17382],[112.71681,-8.17476],[112.71576,-8.17757],[112.71354,-8.1771],[112.71309,-8.17999],[112.71027,-8.18129],[112.71072,-8.18478],[112.70705,-8.18784],[112.70775,-8.19065],[112.70467,-8.19206],[112.70457,-8.19603],[112.70593,-8.19821],[112.70781,-8.19789],[112.70695,-8.19968],[112.70825,-8.20068],[112.70573,-8.20065],[112.70495,-8.20321],[112.7028,-8.20527],[112.7041,-8.206],[112.70373,-8.20781],[112.70176,-8.20701],[112.69894,-8.21105],[112.70061,-8.21513],[112.70028,-8.21917],[112.69722,-8.21947],[112.69689,-8.22074],[112.69967,-8.22296],[112.69937,-8.22416],[112.69822,-8.22372],[112.69734,-8.22514],[112.69193,-8.2269],[112.69085,-8.22896],[112.6885,-8.23025],[112.68597,-8.22808],[112.68473,-8.22962],[112.6851,-8.2311],[112.68059,-8.23423],[112.67862,-8.23367],[112.67769,-8.23184],[112.67568,-8.23209],[112.67509,-8.23362],[112.67673,-8.23396],[112.67645,-8.23568],[112.67242,-8.23363],[112.66859,-8.23652],[112.66654,-8.23681],[112.66583,-8.23606],[112.66654,-8.23365],[112.66466,-8.23311]]]]}},{"type":"Feature","properties":{"kecamatan":"Pagak","kab_kota":"Malang","kode_kec":"35.07.02"},"geometry":{"type":"MultiPolygon","coordinates":[[[[112.50227,-8.31983],[112.50174,-8.32562],[112.49963,-8.32506],[112.49605,-8.32021],[112.49228,-8.3202],[112.49062,-8.31612],[112.48758,-8.31625],[112.48555,-8.3148],[112.48565,-8.3127],[112.48416,-8.31231],[112.48568,-8.31065],[112.47141,-8.30818],[112.47062,-8.30482],[112.46758,-8.30336],[112.46756,-8.30137],[112.46849,-8.30116],[112.46775,-8.29792],[112.46542,-8.29499],[112.47452,-8.29126],[112.47455,-8.28919],[112.47708,-8.2887],[112.47723,-8.2898],[112.47922,-8.28999],[112.48189,-8.28912],[112.48041,-8.28784],[112.48068,-8.28413],[112.48881,-8.28372],[112.49086,-8.28019],[112.48922,-8.27865],[112.487,-8.27285],[112.48679,-8.26522],[112.48925,-8.26125],[112.49041,-8.25152],[112.49391,-8.23832],[112.49356,-8.22728],[112.49124,-8.22372],[112.49378,-8.21945],[112.49137,-8.21623],[112.49206,-8.21235],[112.49009,-8.21185],[112.48887,-8.20913],[112.48784,-8.20231],[112.48882,-8.19777],[112.48651,-8.18632],[112.49458,-8.19315],[112.49613,-8.19365],[112.49881,-8.19056],[112.50236,-8.19311],[112.50605,-8.19378],[112.5105,-8.19297],[112.52113,-8.18666],[112.52456,-8.1867],[112.53566,-8.18304],[112.5377,-8.18416],[112.54247,-8.1807],[112.5483,-8.18288],[112.5503,-8.18646],[112.55209,-8.1863],[112.55125,-8.18503],[112.55334,-8.18349],[112.55452,-8.1852],[112.55441,-8.18755],[112.55773,-8.19083],[112.5568,-8.19373],[112.56073,-8.19464],[112.56285,-8.1993],[112.56121,-8.20074],[112.56249,-8.2046],[112.56362,-8.20501],[112.56491,-8.21186],[112.56067,-8.22021],[112.56209,-8.22089],[112.55863,-8.22827],[112.5544,-8.22929],[112.55286,-8.23288],[112.55131,-8.23145],[112.55005,-8.23511],[112.54628,-8.2353],[112.54554,-8.23678],[112.54736,-8.23878],[112.54891,-8.2454],[112.5484,-8.24673],[112.5459,-8.24659],[112.54678,-8.26434],[112.55176,-8.26565],[112.55068,-8.28481],[112.5466,-8.28597],[112.54599,-8.29465],[112.53934,-8.29612],[112.53928,-8.29801],[112.53001,-8.29855],[112.52989,-8.29586],[112.52784,-8.29513],[112.5091,-8.29538],[112.50916,-8.29428],[112.50714,-8.29352],[112.50619,-8.29654],[112.50726,-8.29653],[112.50795,-8.29843],[112.50579,-8.30296],[112.50742,-8.30607],[112.50607,-8.30682],[112.5066,-8.31007],[112.50508,-8.3105],[112.50677,-8.31339],[112.50227,-8.31983]]]]}},{"type":"Feature","properties":{"kecamatan":"Bantur","kab_kota":"Malang","kode_kec":"35.07.03"},"geometry":{"type":"MultiPolygon","coordinates":[[[[112.52165,-8.40574],[112.5216,-8.40583],[112.52148,-8.40583],[112.52138,-8.40571],[112.52121,-8.40559],[112.52104,-8.40559],[112.52101,-8.40543],[112.52104,-8.40523],[112.5212,-8.4052],[112.52135,-8.40531],[112.52154,-8.40531],[112.52165,-8.40536],[112.52169,-8.40542],[112.52169,-8.40557],[112.52169,-8.40559],[112.52165,-8.40574]]],[[[112.52089,-8.40394],[112.52084,-8.40384],[112.52082,-8.40367],[112.52095,-8.40363],[112.52108,-8.40365],[112.52127,-8.40368],[112.52147,-8.40365],[112.52159,-8.40361],[112.52168,-8.40361],[112.52174,-8.40369],[112.52168,-8.40376],[112.52156,-8.40378],[112.52133,-8.4038],[112.52121,-8.40383],[112.52111,-8.40395],[112.521,-8.40398],[112.52089,-8.40394]]],[[[112.49758,-8.40291],[112.49768,-8.40299],[112.49775,-8.40312],[112.49772,-8.40322],[112.49766,-8.4033],[112.49745,-8.40341],[112.49735,-8.40349],[112.49725,-8.40348],[112.49722,-8.40338],[112.49722,-8.40322],[112.4973,-8.40305],[112.49745,-8.40295],[112.49758,-8.40291]]],[[[112.49379,-8.4021],[112.49396,-8.4021],[112.49409,-8.40218],[112.49419,-8.40218],[112.49432,-8.4022],[112.49441,-8.4023],[112.49434,-8.40253],[112.49429,-8.40268],[112.49421,-8.40279],[112.4941,-8.40285],[112.49397,-8.40289],[112.49382,-8.40283],[112.49371,-8.40277],[112.49363,-8.4026],[112.49366,-8.40235],[112.49371,-8.40221],[112.49379,-8.4021]]],[[[112.52112,-8.40142],[112.5211,-8.40149],[112.52099,-8.40152],[112.52091,-8.40149],[112.52087,-8.40138],[112.52089,-8.40132],[112.52101,-8.40131],[112.52105,-8.40131],[112.5211,-8.40132],[112.52112,-8.40142]]],[[[112.48483,-8.39923],[112.48505,-8.39934],[112.48526,-8.39949],[112.48526,-8.39964],[112.48508,-8.39992],[112.48493,-8.40013],[112.48478,-8.40025],[112.48469,-8.40018],[112.48466,-8.40009],[112.48456,-8.39971],[112.48443,-8.39937],[112.48454,-8.39929],[112.48478,-8.39922],[112.48483,-8.39923]]],[[[112.52101,-8.39923],[112.52116,-8.39923],[112.52128,-8.39929],[112.5214,-8.39948],[112.52141,-8.39953],[112.52139,-8.39973],[112.52136,-8.39981],[112.52124,-8.39986],[112.52103,-8.39981],[112.5209,-8.39973],[112.52083,-8.39962],[112.52083,-8.3995],[112.52093,-8.3993],[112.52101,-8.39923]]],[[[112.51905,-8.39909],[112.51896,-8.3991],[112.51891,-8.39906],[112.51893,-8.39897],[112.51904,-8.3989],[112.51908,-8.39891],[112.51916,-8.39892],[112.5192,-8.39896],[112.51905,-8.39909]]],[[[112.51319,-8.39743],[112.51318,-8.39756],[112.51313,-8.39772],[112.51303,-8.3978],[112.51292,-8.39784],[112.51287,-8.39779],[112.5129,-8.39766],[112.51293,-8.39761],[112.51305,-8.39748],[112.51313,-8.39741],[112.51319,-8.39743]]],[[[112.51726,-8.39707],[112.51732,-8.39702],[112.5174,-8.39701],[112.51737,-8.39723],[112.51721,-8.3975],[112.51711,-8.3976],[112.51695,-8.39765],[112.51686,-8.39763],[112.51682,-8.39754],[112.51684,-8.39736],[112.51688,-8.39726],[112.51719,-8.39716],[112.51726,-8.39707]]],[[[112.51861,-8.39745],[112.51849,-8.39744],[112.51843,-8.39739],[112.51846,-8.39726],[112.51852,-8.39721],[112.5187,-8.39721],[112.51874,-8.39727],[112.51871,-8.3974],[112.51861,-8.39745]]],[[[112.51041,-8.29518],[112.52744,-8.29505],[112.52989,-8.29586],[112.53001,-8.29855],[112.53211,-8.29876],[112.53928,-8.29801],[112.53934,-8.29612],[112.54599,-8.29465],[112.5466,-8.28597],[112.55068,-8.28481],[112.55176,-8.26565],[112.54678,-8.26434],[112.5459,-8.24659],[112.5484,-8.24673],[112.54891,-8.2454],[112.54736,-8.23878],[112.54554,-8.23678],[112.54628,-8.2353],[112.55005,-8.23511],[112.55131,-8.23145],[112.55286,-8.23288],[112.5544,-8.22929],[112.55863,-8.22827],[112.56187,-8.22167],[112.56067,-8.22021],[112.56491,-8.21186],[112.56362,-8.20501],[112.56249,-8.2046],[112.56121,-8.20074],[112.5627,-8.19939],[112.5725,-8.20316],[112.57386,-8.20659],[112.57743,-8.21076],[112.57995,-8.21016],[112.58345,-8.2138],[112.58697,-8.21411],[112.58868,-8.21615],[112.59634,-8.21936],[112.59742,-8.22194],[112.60036,-8.22209],[112.60174,-8.22683],[112.60495,-8.22853],[112.60533,-8.23065],[112.60383,-8.23534],[112.6,-8.24178],[112.60359,-8.24325],[112.60427,-8.24545],[112.60313,-8.24959],[112.60507,-8.25179],[112.6072,-8.25186],[112.60879,-8.25881],[112.60694,-8.26045],[112.59843,-8.25875],[112.59651,-8.25903],[112.59631,-8.26013],[112.6012,-8.26314],[112.6025,-8.26491],[112.6025,-8.26722],[112.60592,-8.26799],[112.60391,-8.27078],[112.60857,-8.26785],[112.61052,-8.26911],[112.61059,-8.27074],[112.6134,-8.27068],[112.61517,-8.2733],[112.6162,-8.28199],[112.61546,-8.28739],[112.60854,-8.2876],[112.60851,-8.2902],[112.60622,-8.2903],[112.60573,-8.29229],[112.60699,-8.29547],[112.60273,-8.29893],[112.60342,-8.30158],[112.6025,-8.3011],[112.60207,-8.30259],[112.60336,-8.30397],[112.60094,-8.30558],[112.60589,-8.30605],[112.60571,-8.31125],[112.6078,-8.31308],[112.60804,-8.31472],[112.60632,-8.31535],[112.60498,-8.31402],[112.60089,-8.31408],[112.60193,-8.31565],[112.60035,-8.31733],[112.60149,-8.31905],[112.59957,-8.32288],[112.59659,-8.32325],[112.59508,-8.32537],[112.592,-8.32594],[112.58762,-8.32868],[112.58415,-8.32893],[112.58143,-8.33107],[112.58123,-8.33292],[112.57873,-8.33455],[112.57577,-8.33934],[112.57194,-8.34202],[112.57279,-8.34519],[112.57169,-8.34963],[112.57371,-8.35197],[112.57187,-8.35381],[112.57397,-8.35809],[112.57228,-8.3633],[112.57016,-8.36459],[112.56935,-8.36723],[112.56551,-8.36876],[112.56452,-8.37059],[112.56572,-8.37356],[112.56505,-8.37662],[112.56626,-8.37937],[112.5682,-8.37973],[112.56889,-8.3829],[112.56583,-8.38522],[112.56547,-8.39009],[112.5613,-8.39138],[112.56134,-8.39769],[112.55319,-8.40136],[112.55097,-8.40408],[112.5497,-8.40365],[112.54787,-8.40543],[112.54664,-8.40547],[112.54563,-8.40323],[112.53563,-8.40334],[112.529,-8.40196],[112.52674,-8.40493],[112.52674,-8.40375],[112.52468,-8.40292],[112.52238,-8.4047],[112.52335,-8.40319],[112.52201,-8.40104],[112.52322,-8.40041],[112.52225,-8.3981],[112.51633,-8.39547],[112.5149,-8.39641],[112.51521,-8.39759],[112.51188,-8.39664],[112.5113,-8.39775],[112.51129,-8.39581],[112.50977,-8.39549],[112.50908,-8.39866],[112.50601,-8.40349],[112.50448,-8.40207],[112.50468,-8.40398],[112.50267,-8.40456],[112.50345,-8.40365],[112.50213,-8.40252],[112.50151,-8.4034],[112.50131,-8.40184],[112.49902,-8.40085],[112.49729,-8.40177],[112.4961,-8.40076],[112.49623,-8.40229],[112.49525,-8.40264],[112.49383,-8.39972],[112.49314,-8.40207],[112.4922,-8.40034],[112.49079,-8.40159],[112.48978,-8.39968],[112.48703,-8.39977],[112.48388,-8.39766],[112.48446,-8.39637],[112.4818,-8.39241],[112.48291,-8.39013],[112.485,-8.39066],[112.48641,-8.38966],[112.48455,-8.38652],[112.48562,-8.38605],[112.48759,-8.38732],[112.48712,-8.38529],[112.48975,-8.37739],[112.49239,-8.37382],[112.49054,-8.37139],[112.49115,-8.36756],[112.48984,-8.36656],[112.49302,-8.36181],[112.49562,-8.36099],[112.49543,-8.35916],[112.49855,-8.35312],[112.49818,-8.34963],[112.5005,-8.34447],[112.49762,-8.34109],[112.49962,-8.33895],[112.50141,-8.3396],[112.50265,-8.33708],[112.50694,-8.33791],[112.50471,-8.33579],[112.50514,-8.33403],[112.50413,-8.3343],[112.50249,-8.33083],[112.50373,-8.32977],[112.501,-8.32629],[112.50182,-8.32538],[112.50167,-8.32089],[112.50677,-8.31339],[112.50508,-8.31056],[112.5066,-8.31007],[112.50607,-8.30682],[112.50742,-8.30607],[112.50579,-8.30296],[112.50795,-8.29843],[112.50726,-8.29653],[112.50619,-8.29654],[112.50674,-8.294],[112.51041,-8.29518]]],[[[112.52958,-8.40507],[112.52962,-8.40496],[112.52968,-8.4049],[112.52978,-8.40486],[112.52985,-8.40489],[112.52983,-8.40517],[112.5298,-8.40521],[112.5297,-8.40517],[112.52966,-8.40517],[112.52962,-8.40519],[112.52959,-8.40519],[112.52958,-8.40513],[112.52958,-8.40507]]],[[[112.5299,-8.40335],[112.52996,-8.40329],[112.53014,-8.40326],[112.53028,-8.40332],[112.53034,-8.4035],[112.53035,-8.40372],[112.53031,-8.40386],[112.53022,-8.40405],[112.5302,-8.40407],[112.53011,-8.40419],[112.53,-8.40426],[112.52981,-8.40422],[112.52966,-8.40412],[112.52961,-8.4039],[112.52962,-8.40378],[112.52967,-8.4037],[112.5298,-8.40351],[112.5299,-8.40335]]],[[[112.53338,-8.40354],[112.53341,-8.40345],[112.53346,-8.40341],[112.53353,-8.40341],[112.53361,-8.40343],[112.53367,-8.4035],[112.5337,-8.4036],[112.5337,-8.40365],[112.53368,-8.4037],[112.53365,-8.40378],[112.53361,-8.40381],[112.53354,-8.40382],[112.53351,-8.40382],[112.53341,-8.40376],[112.53338,-8.40371],[112.53337,-8.40364],[112.53338,-8.40354]]]]}},{"type":"Feature","properties":{"kecamatan":"Donomulyo","kab_kota":"Malang","kode_kec":"35.07.01"},"geometry":{"type":"MultiPolygon","coordinates":[[[[112.4245,-8.38988],[112.42448,-8.38984],[112.42448,-8.3898],[112.42452,-8.38972],[112.42459,-8.38967],[112.42471,-8.38961],[112.4248,-8.38959],[112.42484,-8.3896],[112.42487,-8.38963],[112.42489,-8.38967],[112.42489,-8.38974],[112.42488,-8.3898],[112.42483,-8.38989],[112.42473,-8.38996],[112.42465,-8.39003],[112.42448,-8.3901],[112.42442,-8.3901],[112.42438,-8.39006],[112.42439,-8.39001],[112.4244,-8.38996],[112.42443,-8.38993],[112.42449,-8.3899],[112.4245,-8.38988]]],[[[112.42577,-8.38764],[112.42585,-8.38767],[112.42586,-8.38771],[112.42583,-8.38778],[112.42581,-8.3878],[112.42579,-8.38781],[112.42576,-8.38784],[112.42574,-8.38787],[112.42562,-8.38812],[112.42558,-8.38822],[112.42553,-8.3883],[112.42552,-8.38831],[112.42551,-8.38833],[112.42549,-8.38834],[112.42543,-8.38836],[112.42538,-8.38838],[112.42538,-8.38838],[112.42536,-8.38838],[112.42535,-8.38839],[112.42532,-8.3884],[112.42531,-8.38842],[112.42526,-8.38846],[112.42522,-8.3885],[112.42518,-8.38855],[112.42515,-8.38857],[112.42513,-8.38858],[112.4251,-8.38858],[112.42506,-8.38859],[112.42501,-8.38859],[112.42489,-8.38855],[112.42481,-8.38851],[112.42477,-8.38848],[112.42474,-8.38844],[112.42465,-8.38826],[112.42463,-8.38823],[112.42462,-8.38818],[112.42463,-8.38816],[112.42463,-8.38815],[112.42465,-8.38812],[112.42466,-8.38811],[112.42471,-8.38808],[112.42476,-8.38807],[112.42477,-8.38806],[112.42478,-8.38801],[112.42479,-8.38792],[112.42481,-8.38781],[112.42481,-8.38773],[112.42484,-8.38762],[112.42489,-8.38755],[112.42496,-8.38746],[112.42499,-8.38743],[112.42503,-8.3874],[112.42506,-8.3874],[112.4251,-8.3874],[112.4251,-8.3874],[112.42514,-8.38741],[112.42541,-8.38753],[112.42557,-8.38762],[112.42563,-8.38764],[112.42572,-8.38765],[112.42577,-8.38764]]],[[[112.42378,-8.38709],[112.42381,-8.38712],[112.4238,-8.38718],[112.42376,-8.38721],[112.42366,-8.38722],[112.42354,-8.38722],[112.42348,-8.3872],[112.42345,-8.38717],[112.42348,-8.38713],[112.42353,-8.38712],[112.42365,-8.3871],[112.42373,-8.38709],[112.42378,-8.38709]]],[[[112.42417,-8.38697],[112.42428,-8.38697],[112.42438,-8.38699],[112.42447,-8.38702],[112.42449,-8.38705],[112.42449,-8.38711],[112.42445,-8.38716],[112.4244,-8.3872],[112.42435,-8.38724],[112.42426,-8.38726],[112.42421,-8.38726],[112.42412,-8.38722],[112.42404,-8.38716],[112.42401,-8.3871],[112.42404,-8.38703],[112.4241,-8.387],[112.42417,-8.38697]]],[[[112.39603,-8.38001],[112.39608,-8.37991],[112.39614,-8.3799],[112.39623,-8.37996],[112.39626,-8.38005],[112.39626,-8.38014],[112.39621,-8.38021],[112.39616,-8.38023],[112.39607,-8.38024],[112.39601,-8.38024],[112.39595,-8.3802],[112.39591,-8.38015],[112.39593,-8.38005],[112.39596,-8.38005],[112.39603,-8.38001]]],[[[112.37358,-8.37868],[112.37368,-8.37875],[112.37369,-8.37881],[112.37368,-8.37888],[112.37365,-8.3789],[112.37359,-8.37891],[112.37352,-8.37887],[112.37349,-8.37881],[112.37349,-8.37876],[112.37353,-8.37871],[112.37358,-8.37868]]],[[[112.3744,-8.37749],[112.37431,-8.37756],[112.37425,-8.37763],[112.37419,-8.37771],[112.37412,-8.37773],[112.37408,-8.37771],[112.37409,-8.37763],[112.37412,-8.37754],[112.37419,-8.3774],[112.37424,-8.37735],[112.3743,-8.37724],[112.37431,-8.37716],[112.37441,-8.37708],[112.37442,-8.37708],[112.37449,-8.37708],[112.37454,-8.37708],[112.37457,-8.3771],[112.37453,-8.37716],[112.37452,-8.37725],[112.37452,-8.37734],[112.37448,-8.3774],[112.3744,-8.37749]]],[[[112.4063,-8.37855],[112.40524,-8.37985],[112.40308,-8.37841],[112.40234,-8.3792],[112.39906,-8.37854],[112.39861,-8.37999],[112.39482,-8.37893],[112.39427,-8.38028],[112.39288,-8.37991],[112.39453,-8.37668],[112.3924,-8.37653],[112.39191,-8.37346],[112.38885,-8.37481],[112.38808,-8.37204],[112.38312,-8.37605],[112.37999,-8.37515],[112.37935,-8.37624],[112.37791,-8.37478],[112.37494,-8.37569],[112.3747,-8.37477],[112.37189,-8.37458],[112.3737,-8.37289],[112.37016,-8.36951],[112.36498,-8.35239],[112.3599,-8.34841],[112.36123,-8.3464],[112.36076,-8.34495],[112.36199,-8.34414],[112.36183,-8.34148],[112.36307,-8.34048],[112.36222,-8.33779],[112.3629,-8.3338],[112.3642,-8.3325],[112.36323,-8.33145],[112.36424,-8.32839],[112.37015,-8.32352],[112.37064,-8.31257],[112.37636,-8.30872],[112.37786,-8.30479],[112.37795,-8.29918],[112.38255,-8.29494],[112.38521,-8.2876],[112.38843,-8.28534],[112.38324,-8.26646],[112.38212,-8.24526],[112.38054,-8.24133],[112.37814,-8.24011],[112.37886,-8.23752],[112.38438,-8.23836],[112.39307,-8.2359],[112.40494,-8.23483],[112.4029,-8.24106],[112.41611,-8.24285],[112.41626,-8.25878],[112.43212,-8.26009],[112.43206,-8.26565],[112.43094,-8.2677],[112.44485,-8.2678],[112.4514,-8.27041],[112.4522,-8.26921],[112.45378,-8.26969],[112.45552,-8.27116],[112.46567,-8.26746],[112.46574,-8.25759],[112.46701,-8.25798],[112.46739,-8.25702],[112.47093,-8.25877],[112.4742,-8.25817],[112.47262,-8.27175],[112.47588,-8.27275],[112.4779,-8.27469],[112.47862,-8.27306],[112.48686,-8.27144],[112.48773,-8.27552],[112.49086,-8.28019],[112.48881,-8.28372],[112.48068,-8.28413],[112.48041,-8.28784],[112.48189,-8.28912],[112.47922,-8.28999],[112.47723,-8.2898],[112.47708,-8.2887],[112.47455,-8.28919],[112.47452,-8.29126],[112.46544,-8.29493],[112.46775,-8.29792],[112.46849,-8.30116],[112.46756,-8.30137],[112.46758,-8.30336],[112.47062,-8.30482],[112.47141,-8.30818],[112.47398,-8.30923],[112.48568,-8.31065],[112.48416,-8.31231],[112.48565,-8.3127],[112.48555,-8.3148],[112.48758,-8.31625],[112.49062,-8.31612],[112.49228,-8.3202],[112.49605,-8.32021],[112.49674,-8.32198],[112.49862,-8.3226],[112.49877,-8.32463],[112.50164,-8.3257],[112.50102,-8.32645],[112.50373,-8.32977],[112.50249,-8.33083],[112.50367,-8.3318],[112.50358,-8.33339],[112.50512,-8.334],[112.50471,-8.33579],[112.50696,-8.33778],[112.50265,-8.33708],[112.50141,-8.3396],[112.49962,-8.33895],[112.49754,-8.34128],[112.5005,-8.34447],[112.49818,-8.34963],[112.49855,-8.35312],[112.49543,-8.35916],[112.49562,-8.36099],[112.49302,-8.36181],[112.48987,-8.3664],[112.49115,-8.36756],[112.49054,-8.37139],[112.49242,-8.3737],[112.49173,-8.37587],[112.48975,-8.37739],[112.48712,-8.38529],[112.48759,-8.38732],[112.48562,-8.38605],[112.48455,-8.38652],[112.48641,-8.38966],[112.485,-8.39066],[112.48303,-8.39008],[112.48183,-8.39141],[112.48416,-8.39621],[112.47856,-8.39423],[112.47667,-8.39501],[112.47553,-8.39358],[112.47103,-8.39283],[112.46886,-8.39371],[112.46868,-8.39506],[112.46476,-8.39495],[112.46448,-8.39641],[112.45742,-8.3958],[112.45644,-8.39727],[112.45527,-8.39643],[112.45293,-8.39739],[112.45233,-8.39473],[112.44876,-8.39572],[112.44798,-8.39694],[112.44429,-8.39674],[112.44331,-8.39821],[112.43964,-8.39393],[112.43856,-8.39448],[112.43879,-8.39286],[112.43703,-8.3936],[112.43794,-8.39207],[112.43485,-8.38864],[112.43194,-8.38951],[112.42985,-8.38873],[112.42841,-8.38945],[112.42783,-8.38824],[112.42654,-8.38894],[112.42536,-8.38516],[112.42226,-8.38559],[112.42445,-8.38388],[112.42361,-8.3829],[112.42147,-8.38321],[112.4222,-8.38253],[112.42121,-8.38131],[112.41331,-8.38059],[112.41041,-8.37901],[112.40789,-8.3799],[112.4063,-8.37855]]],[[[112.44482,-8.40025],[112.44488,-8.4002],[112.44493,-8.40019],[112.44496,-8.40018],[112.44499,-8.40016],[112.44505,-8.40016],[112.44509,-8.40018],[112.44516,-8.4002],[112.44521,-8.40023],[112.44524,-8.40028],[112.44526,-8.40033],[112.44528,-8.40043],[112.44527,-8.40047],[112.44521,-8.4006],[112.44509,-8.40062],[112.44503,-8.40062],[112.44495,-8.40059],[112.44488,-8.40055],[112.44483,-8.40048],[112.4448,-8.40039],[112.4448,-8.40032],[112.44482,-8.40025]]],[[[112.45575,-8.39874],[112.45573,-8.39887],[112.45575,-8.39896],[112.45563,-8.39907],[112.4555,-8.39903],[112.4554,-8.39897],[112.45541,-8.3987],[112.45543,-8.3985],[112.45543,-8.39845],[112.45544,-8.39838],[112.4556,-8.39843],[112.45575,-8.39841],[112.45585,-8.39841],[112.45589,-8.39852],[112.45586,-8.39865],[112.45575,-8.39874]]],[[[112.44602,-8.39777],[112.44606,-8.39772],[112.44616,-8.39753],[112.44621,-8.39741],[112.44628,-8.39735],[112.44638,-8.39735],[112.44648,-8.39742],[112.4466,-8.39758],[112.44673,-8.39773],[112.44677,-8.39784],[112.44674,-8.39793],[112.44669,-8.39802],[112.44666,-8.39809],[112.44666,-8.39815],[112.44662,-8.39825],[112.44639,-8.39844],[112.44616,-8.39844],[112.446,-8.39841],[112.44597,-8.39831],[112.44585,-8.39823],[112.44581,-8.39813],[112.44581,-8.39805],[112.44585,-8.39794],[112.44602,-8.39777]]],[[[112.48162,-8.39649],[112.48192,-8.39624],[112.48202,-8.39621],[112.48208,-8.39628],[112.48205,-8.39643],[112.48195,-8.39664],[112.4818,-8.39683],[112.48166,-8.39688],[112.48156,-8.39685],[112.48146,-8.39675],[112.48147,-8.39668],[112.48162,-8.39649]]],[[[112.44917,-8.396],[112.44933,-8.39601],[112.44943,-8.39604],[112.4495,-8.3961],[112.44953,-8.39623],[112.44949,-8.39635],[112.44939,-8.39644],[112.44928,-8.39651],[112.44918,-8.39653],[112.44906,-8.39646],[112.44907,-8.39639],[112.44906,-8.39632],[112.44905,-8.39615],[112.44905,-8.39607],[112.44909,-8.39601],[112.44917,-8.396]]],[[[112.47712,-8.39595],[112.47708,-8.39612],[112.47697,-8.39612],[112.47694,-8.39606],[112.47688,-8.3957],[112.47693,-8.39562],[112.47698,-8.39565],[112.4771,-8.39581],[112.47712,-8.39595]]],[[[112.46301,-8.39572],[112.46303,-8.39574],[112.46303,-8.39578],[112.463,-8.39581],[112.46296,-8.39581],[112.46293,-8.3958],[112.46289,-8.39578],[112.46291,-8.39574],[112.46295,-8.39572],[112.46301,-8.39572]]]]}}]}